Watching for file changes with StatReloader
Waiting for apps ready_event.
Apps ready_event triggered. Sending autoreload_started signal.
Watching dir /Users/mac/Desktop/healthcare app/myenv/lib/python3.13/site-packages/rest_framework/templates with glob **/*.
Watching dir /Users/mac/Desktop/healthcare app/healthcare_project/healthcare_app/templates with glob **/*.
Watching dir /Users/mac/Desktop/healthcare app/healthcare_project/locale with glob **/*.mo.
Watching dir /Users/mac/Desktop/healthcare app/myenv/lib/python3.13/site-packages/daphne/locale with glob **/*.mo.
Watching dir /Users/mac/Desktop/healthcare app/myenv/lib/python3.13/site-packages/rest_framework/locale with glob **/*.mo.
Watching dir /Users/mac/Desktop/healthcare app/myenv/lib/python3.13/site-packages/channels/locale with glob **/*.mo.
Watching dir /Users/mac/Desktop/healthcare app/healthcare_project/healthcare_app/locale with glob **/*.mo.
(0.001) 
            SELECT name, type FROM sqlite_master
            WHERE type in ('table', 'view') AND NOT name='sqlite_sequence'
            ORDER BY name; args=None; alias=default
(0.000) SELECT "django_migrations"."id", "django_migrations"."app", "django_migrations"."name", "django_migrations"."applied" FROM "django_migrations"; args=(); alias=default
Daphne running, listening on 127.0.0.1:8000
File /Library/Frameworks/Python.framework/Versions/3.13/lib/python3.13/http/cookies.py first seen with mtime 1728279722.0
File /Users/mac/Desktop/healthcare app/myenv/lib/python3.13/site-packages/numpy/random/_generator.cpython-313-darwin.so first seen with mtime 1741412084.4110906
File /Users/mac/Desktop/healthcare app/myenv/lib/python3.13/site-packages/pandas/core/window/__init__.py first seen with mtime 1741412089.147945
File /Users/mac/Desktop/healthcare app/myenv/lib/python3.13/site-packages/django/utils/dateparse.py first seen with mtime 1741430605.0401354
File /Users/mac/Desktop/healthcare app/myenv/lib/python3.13/site-packages/scipy/interpolate/_cubic.py first seen with mtime 1741412086.1114998
File /Users/mac/Desktop/healthcare app/myenv/lib/python3.13/site-packages/numpy/lib/_utils_impl.py first seen with mtime 1741412084.3984523
File /Users/mac/Desktop/healthcare app/myenv/lib/python3.13/site-packages/txaio/_unframework.py first seen with mtime 1746126556.0593448
File /Users/mac/Desktop/healthcare app/myenv/lib/python3.13/site-packages/pandas/core/tools/numeric.py first seen with mtime 1741412089.1217468
File /Library/Frameworks/Python.framework/Versions/3.13/lib/python3.13/lib-dynload/unicodedata.cpython-313-darwin.so first seen with mtime 1728280562.0
File /Users/mac/Desktop/healthcare app/myenv/lib/python3.13/site-packages/scipy/optimize/_trlib/_trlib.cpython-313-darwin.so first seen with mtime 1741412085.9515471
File /Users/mac/Desktop/healthcare app/myenv/lib/python3.13/site-packages/rest_framework/templatetags/__init__.py first seen with mtime 1741700066.5872984
File /Users/mac/Desktop/healthcare app/myenv/lib/python3.13/site-packages/scipy/spatial/_distance_wrap.cpython-313-darwin.so first seen with mtime 1741412086.1696236
File /Users/mac/Desktop/healthcare app/myenv/lib/python3.13/site-packages/scipy/integrate/_quadrature.py first seen with mtime 1741412085.980004
File /Users/mac/Desktop/healthcare app/myenv/lib/python3.13/site-packages/narwhals/stable/v1/dtypes.py first seen with mtime 1742030805.2125883
File /Users/mac/Desktop/healthcare app/myenv/lib/python3.13/site-packages/django/core/files/uploadedfile.py first seen with mtime 1741430604.9768527
File /Users/mac/Desktop/healthcare app/myenv/lib/python3.13/site-packages/matplotlib/tri/_triinterpolate.py first seen with mtime 1741412091.8394048
File /Users/mac/Desktop/healthcare app/myenv/lib/python3.13/site-packages/scipy/sparse/coo.py first seen with mtime 1741412086.1320453
File /Users/mac/Desktop/healthcare app/myenv/lib/python3.13/site-packages/django/core/checks/security/base.py first seen with mtime 1741430604.9753602
File /Users/mac/Desktop/healthcare app/myenv/lib/python3.13/site-packages/pandas/core/computation/ops.py first seen with mtime 1741412089.1316664
File /Users/mac/Desktop/healthcare app/myenv/lib/python3.13/site-packages/scipy/optimize/_highspy/__init__.py first seen with mtime 1741412085.9735782
File /Users/mac/Desktop/healthcare app/myenv/lib/python3.13/site-packages/pandas/core/arrays/string_arrow.py first seen with mtime 1741412089.1575618
File /Users/mac/Desktop/healthcare app/myenv/lib/python3.13/site-packages/scipy/ndimage/_nd_image.cpython-313-darwin.so first seen with mtime 1741412085.9002578
File /Users/mac/Desktop/healthcare app/myenv/lib/python3.13/site-packages/attr/validators.py first seen with mtime 1746126556.7684612
File /Users/mac/Desktop/healthcare app/myenv/lib/python3.13/site-packages/scipy/_lib/_uarray/_backend.py first seen with mtime 1741412086.0504377
File /Users/mac/Desktop/healthcare app/myenv/lib/python3.13/site-packages/scipy/linalg/lapack.py first seen with mtime 1741412085.9196339
File /Users/mac/Desktop/healthcare app/myenv/lib/python3.13/site-packages/rest_framework/utils/timezone.py first seen with mtime 1741700066.5894954
File /Users/mac/Desktop/healthcare app/myenv/lib/python3.13/site-packages/numpy/lib/npyio.py first seen with mtime 1741412084.3950057
File /Users/mac/Desktop/healthcare app/myenv/lib/python3.13/site-packages/pyasn1/codec/cer/decoder.py first seen with mtime 1746126556.646812
File /Users/mac/Desktop/healthcare app/myenv/lib/python3.13/site-packages/pandas/core/algorithms.py first seen with mtime 1741412089.1145768
File /Users/mac/Desktop/healthcare app/myenv/lib/python3.13/site-packages/pandas/core/indexes/frozen.py first seen with mtime 1741412089.1646988
File /Library/Frameworks/Python.framework/Versions/3.13/lib/python3.13/lib-dynload/_heapq.cpython-313-darwin.so first seen with mtime 1728280552.0
File /Users/mac/Desktop/healthcare app/myenv/lib/python3.13/site-packages/django/core/checks/templates.py first seen with mtime 1741430604.9743676
File /Users/mac/Desktop/healthcare app/myenv/lib/python3.13/site-packages/django/contrib/auth/models.py first seen with mtime 1741430604.5592194
File /Users/mac/Desktop/healthcare app/myenv/lib/python3.13/site-packages/matplotlib/_fontconfig_pattern.py first seen with mtime 1741412091.8081293
File /Library/Frameworks/Python.framework/Versions/3.13/lib/python3.13/urllib/parse.py first seen with mtime 1728279722.0
File /Users/mac/Desktop/healthcare app/myenv/lib/python3.13/site-packages/pandas/core/computation/check.py first seen with mtime 1741412089.130677
File /Users/mac/Desktop/healthcare app/myenv/lib/python3.13/site-packages/pyasn1/type/tag.py first seen with mtime 1746126556.6518853
File /Users/mac/Desktop/healthcare app/myenv/lib/python3.13/site-packages/django/contrib/auth/checks.py first seen with mtime 1741430604.5579584
File /Users/mac/Desktop/healthcare app/myenv/lib/python3.13/site-packages/django/db/models/utils.py first seen with mtime 1741430605.0051062
File /Users/mac/Desktop/healthcare app/myenv/lib/python3.13/site-packages/scipy/optimize/_zeros.cpython-313-darwin.so first seen with mtime 1741412085.9346147
File /Users/mac/Desktop/healthcare app/myenv/lib/python3.13/site-packages/django/db/models/fields/__init__.py first seen with mtime 1741430605.0055857
File /Users/mac/Desktop/healthcare app/myenv/lib/python3.13/site-packages/django/core/wsgi.py first seen with mtime 1741430604.9713416
File /Users/mac/Desktop/healthcare app/myenv/lib/python3.13/site-packages/matplotlib/hatch.py first seen with mtime 1741412091.7960947
File /Users/mac/Desktop/healthcare app/myenv/lib/python3.13/site-packages/pandas/core/computation/common.py first seen with mtime 1741412089.1317647
File /Library/Frameworks/Python.framework/Versions/3.13/lib/python3.13/lib-dynload/_zoneinfo.cpython-313-darwin.so first seen with mtime 1728280559.0
File /Users/mac/Desktop/healthcare app/myenv/lib/python3.13/site-packages/pandas/_libs/algos.cpython-313-darwin.so first seen with mtime 1741412089.3671908
File /Users/mac/Desktop/healthcare app/myenv/lib/python3.13/site-packages/scipy/_lib/_ccallback_c.cpython-313-darwin.so first seen with mtime 1741412086.0459347
File /Users/mac/Desktop/healthcare app/myenv/lib/python3.13/site-packages/scipy/stats/kde.py first seen with mtime 1741412086.199087
File /Users/mac/Desktop/healthcare app/myenv/lib/python3.13/site-packages/seaborn/_core/groupby.py first seen with mtime 1741412092.6668484
File /Users/mac/Desktop/healthcare app/myenv/lib/python3.13/site-packages/pandas/core/interchange/utils.py first seen with mtime 1741412089.124833
File /Users/mac/Desktop/healthcare app/myenv/lib/python3.13/site-packages/pandas/_libs/tslibs/base.cpython-313-darwin.so first seen with mtime 1741412089.3923426
File /Users/mac/Desktop/healthcare app/myenv/lib/python3.13/site-packages/scipy/sparse/linalg/_isolve/lsmr.py first seen with mtime 1741412086.1479578
File /Library/Frameworks/Python.framework/Versions/3.13/lib/python3.13/email/quoprimime.py first seen with mtime 1728279722.0
File /Users/mac/Desktop/healthcare app/myenv/lib/python3.13/site-packages/django/core/handlers/base.py first seen with mtime 1741430604.978513
File /Users/mac/Desktop/healthcare app/myenv/lib/python3.13/site-packages/kiwisolver/_cext.cpython-313-darwin.so first seen with mtime 1741412085.2745862
File /Users/mac/Desktop/healthcare app/myenv/lib/python3.13/site-packages/daphne/checks.py first seen with mtime 1746126559.33258
File /Users/mac/Desktop/healthcare app/myenv/lib/python3.13/site-packages/numpy/f2py/cb_rules.py first seen with mtime 1741412084.370521
File /Users/mac/Desktop/healthcare app/myenv/lib/python3.13/site-packages/django/contrib/admin/templatetags/admin_list.py first seen with mtime 1741430604.5052774
File /Users/mac/Desktop/healthcare app/myenv/lib/python3.13/site-packages/django/apps/registry.py first seen with mtime 1741430604.3375669
File /Users/mac/Desktop/healthcare app/myenv/lib/python3.13/site-packages/scipy/optimize/_linprog_highs.py first seen with mtime 1741412085.9393752
File /Users/mac/Desktop/healthcare app/myenv/lib/python3.13/site-packages/pandas/core/internals/base.py first seen with mtime 1741412089.1301627
File /Users/mac/Desktop/healthcare app/myenv/lib/python3.13/site-packages/pygments/util.py first seen with mtime 1741412251.8306868
File /Users/mac/Desktop/healthcare app/myenv/lib/python3.13/site-packages/django/core/handlers/asgi.py first seen with mtime 1741430604.9783795
File /Users/mac/Desktop/healthcare app/myenv/lib/python3.13/site-packages/matplotlib/_mathtext.py first seen with mtime 1741412091.8159277
File /Users/mac/Desktop/healthcare app/myenv/lib/python3.13/site-packages/urllib3/http2/probe.py first seen with mtime 1741414831.687038
File /Users/mac/Desktop/healthcare app/myenv/lib/python3.13/site-packages/rest_framework/compat.py first seen with mtime 1741700066.550136
File /Library/Frameworks/Python.framework/Versions/3.13/lib/python3.13/urllib/response.py first seen with mtime 1728279722.0
File /Library/Frameworks/Python.framework/Versions/3.13/lib/python3.13/wsgiref/__init__.py first seen with mtime 1728279722.0
File /Users/mac/Desktop/healthcare app/myenv/lib/python3.13/site-packages/numpy/lib/_iotools.py first seen with mtime 1741412084.3909314
File /Users/mac/Desktop/healthcare app/myenv/lib/python3.13/site-packages/django/template/__init__.py first seen with mtime 1741430605.0285003
File /Users/mac/Desktop/healthcare app/myenv/lib/python3.13/site-packages/pandas/tseries/frequencies.py first seen with mtime 1741412089.1784856
File /Users/mac/Desktop/healthcare app/myenv/lib/python3.13/site-packages/seaborn/regression.py first seen with mtime 1741412092.6622002
File /Users/mac/Desktop/healthcare app/myenv/lib/python3.13/site-packages/numpy/f2py/capi_maps.py first seen with mtime 1741412084.3717003
File /Users/mac/Desktop/healthcare app/myenv/lib/python3.13/site-packages/pandas/plotting/_core.py first seen with mtime 1741412089.3990877
File /Users/mac/Desktop/healthcare app/myenv/lib/python3.13/site-packages/numpy/lib/_arraypad_impl.py first seen with mtime 1741412084.3961468
File /Library/Frameworks/Python.framework/Versions/3.13/lib/python3.13/getpass.py first seen with mtime 1728279722.0
File /Users/mac/Desktop/healthcare app/myenv/lib/python3.13/site-packages/scipy/optimize/_linesearch.py first seen with mtime 1741412085.9366379
File /Users/mac/Desktop/healthcare app/myenv/lib/python3.13/site-packages/django/contrib/staticfiles/handlers.py first seen with mtime 1741430604.9683747
File /Library/Frameworks/Python.framework/Versions/3.13/lib/python3.13/re/_compiler.py first seen with mtime 1728279722.0
File /Users/mac/Desktop/healthcare app/myenv/lib/python3.13/site-packages/scipy/stats/_constants.py first seen with mtime 1741412086.1945689
File /Users/mac/Desktop/healthcare app/myenv/lib/python3.13/site-packages/requests/__init__.py first seen with mtime 1741414831.7914715
File /Users/mac/Desktop/healthcare app/myenv/lib/python3.13/site-packages/scipy/stats/_mgc.py first seen with mtime 1741412086.195033
File /Library/Frameworks/Python.framework/Versions/3.13/lib/python3.13/tty.py first seen with mtime 1728279722.0
File /Users/mac/Desktop/healthcare app/myenv/lib/python3.13/site-packages/django/views/generic/__init__.py first seen with mtime 1741430605.0516183
File /Users/mac/Desktop/healthcare app/myenv/lib/python3.13/site-packages/django/core/checks/urls.py first seen with mtime 1741430604.974711
File /Users/mac/Desktop/healthcare app/myenv/lib/python3.13/site-packages/django/core/mail/utils.py first seen with mtime 1741430604.979684
File /Library/Frameworks/Python.framework/Versions/3.13/lib/python3.13/sqlite3/dbapi2.py first seen with mtime 1728279722.0
File /Users/mac/Desktop/healthcare app/myenv/lib/python3.13/site-packages/pandas/util/_decorators.py first seen with mtime 1741412089.1669016
File /Users/mac/Desktop/healthcare app/myenv/lib/python3.13/site-packages/numpy/rec/__init__.py first seen with mtime 1741412084.3491607
File /Users/mac/Desktop/healthcare app/myenv/lib/python3.13/site-packages/scipy/sparse/_sputils.py first seen with mtime 1741412086.132672
File /Users/mac/Desktop/healthcare app/myenv/lib/python3.13/site-packages/pandas/api/__init__.py first seen with mtime 1741412089.4012878
File /Users/mac/Desktop/healthcare app/myenv/lib/python3.13/site-packages/seaborn/_stats/base.py first seen with mtime 1741412092.669318
File /Users/mac/Desktop/healthcare app/myenv/lib/python3.13/site-packages/scipy/optimize/minpack2.py first seen with mtime 1741412085.9363425
File /Users/mac/Desktop/healthcare app/myenv/lib/python3.13/site-packages/pandas/_libs/tslibs/timezones.cpython-313-darwin.so first seen with mtime 1741412089.3979275
File /Users/mac/Desktop/healthcare app/myenv/lib/python3.13/site-packages/pandas/core/dtypes/astype.py first seen with mtime 1741412089.1252959
File /Users/mac/Desktop/healthcare app/healthcare_project/healthcare_app/admin.py first seen with mtime 1746105318.0450025
File /Library/Frameworks/Python.framework/Versions/3.13/lib/python3.13/threading.py first seen with mtime 1728279722.0
File /Users/mac/Desktop/healthcare app/myenv/lib/python3.13/site-packages/click/formatting.py first seen with mtime 1741413491.41445
File /Users/mac/Desktop/healthcare app/myenv/lib/python3.13/site-packages/pandas/core/indexes/base.py first seen with mtime 1741412089.1654904
File /Users/mac/Desktop/healthcare app/myenv/lib/python3.13/site-packages/PIL/PngImagePlugin.py first seen with mtime 1741412084.1144493
File /Users/mac/Desktop/healthcare app/myenv/lib/python3.13/site-packages/pandas/core/strings/base.py first seen with mtime 1741412089.1208713
File /Users/mac/Desktop/healthcare app/myenv/lib/python3.13/site-packages/numpy/_typing/_nbit.py first seen with mtime 1741412084.345773
File /Users/mac/Desktop/healthcare app/myenv/lib/python3.13/site-packages/pandas/core/indexes/__init__.py first seen with mtime 1741412089.1641786
File /Users/mac/Desktop/healthcare app/myenv/lib/python3.13/site-packages/django/db/models/sql/query.py first seen with mtime 1741430605.0090735
File /Users/mac/Desktop/healthcare app/myenv/lib/python3.13/site-packages/scipy/sparse/_matrix_io.py first seen with mtime 1741412086.1347356
File /Users/mac/Desktop/healthcare app/myenv/lib/python3.13/site-packages/twisted/internet/ssl.py first seen with mtime 1746126557.0803502
File /Users/mac/Desktop/healthcare app/myenv/lib/python3.13/site-packages/django/contrib/postgres/validators.py first seen with mtime 1741430604.8043873
File /Users/mac/Desktop/healthcare app/myenv/lib/python3.13/site-packages/scipy/stats/_rcont/rcont.cpython-313-darwin.so first seen with mtime 1741412086.2107642
File /Users/mac/Desktop/healthcare app/myenv/lib/python3.13/site-packages/pandas/core/apply.py first seen with mtime 1741412089.1183136
File /Users/mac/Desktop/healthcare app/myenv/lib/python3.13/site-packages/numpy/_core/numeric.py first seen with mtime 1741412084.316435
File /Library/Frameworks/Python.framework/Versions/3.13/lib/python3.13/collections/__init__.py first seen with mtime 1728279722.0
File /Users/mac/Desktop/healthcare app/myenv/lib/python3.13/site-packages/scipy/integrate/_rules/_base.py first seen with mtime 1741412085.985377
File /Users/mac/Desktop/healthcare app/myenv/lib/python3.13/site-packages/pandas/core/reshape/pivot.py first seen with mtime 1741412089.1201093
File /Users/mac/Desktop/healthcare app/myenv/lib/python3.13/site-packages/django/http/response.py first seen with mtime 1741430605.0271406
File /Users/mac/Desktop/healthcare app/myenv/lib/python3.13/site-packages/twisted/__init__.py first seen with mtime 1746126557.0494509
File /Users/mac/Desktop/healthcare app/myenv/lib/python3.13/site-packages/PIL/__init__.py first seen with mtime 1741412084.1223352
File /Users/mac/Desktop/healthcare app/myenv/lib/python3.13/site-packages/scipy/special/cython_special.cpython-313-darwin.so first seen with mtime 1741412086.065403
File /Users/mac/Desktop/healthcare app/myenv/lib/python3.13/site-packages/scipy/special/_basic.py first seen with mtime 1741412086.0742006
File /Library/Frameworks/Python.framework/Versions/3.13/lib/python3.13/weakref.py first seen with mtime 1728279722.0
File /Users/mac/Desktop/healthcare app/myenv/lib/python3.13/site-packages/urllib3/response.py first seen with mtime 1741414831.6853964
File /Users/mac/Desktop/healthcare app/myenv/lib/python3.13/site-packages/scipy/stats/_distn_infrastructure.py first seen with mtime 1741412086.2026227
File /Users/mac/Desktop/healthcare app/myenv/lib/python3.13/site-packages/numpy/_core/multiarray.py first seen with mtime 1741412084.3120255
File /Users/mac/Desktop/healthcare app/myenv/lib/python3.13/site-packages/numpy/f2py/_isocbind.py first seen with mtime 1741412084.3722088
File /Users/mac/Desktop/healthcare app/myenv/lib/python3.13/site-packages/twisted/internet/defer.py first seen with mtime 1746126557.0774643
File /Users/mac/Desktop/healthcare app/myenv/lib/python3.13/site-packages/_plotly_utils/data_utils.py first seen with mtime 1742030805.4197133
File /Users/mac/Desktop/healthcare app/myenv/lib/python3.13/site-packages/pandas/core/groupby/groupby.py first seen with mtime 1741412089.1285481
File /Users/mac/Desktop/healthcare app/myenv/lib/python3.13/site-packages/seaborn/_core/scales.py first seen with mtime 1741412092.6676881
File /Users/mac/Desktop/healthcare app/myenv/lib/python3.13/site-packages/pandas/core/common.py first seen with mtime 1741412089.1167626
File /Users/mac/Desktop/healthcare app/myenv/lib/python3.13/site-packages/scipy/stats/_probability_distribution.py first seen with mtime 1741412086.2088366
File /Users/mac/Desktop/healthcare app/myenv/lib/python3.13/site-packages/twisted/python/randbytes.py first seen with mtime 1746126557.1257186
File /Users/mac/Desktop/healthcare app/myenv/lib/python3.13/site-packages/PIL/Image.py first seen with mtime 1741412084.1296935
File /Users/mac/Desktop/healthcare app/myenv/lib/python3.13/site-packages/numpy/f2py/common_rules.py first seen with mtime 1741412084.3700383
File /Library/Frameworks/Python.framework/Versions/3.13/lib/python3.13/asyncio/__init__.py first seen with mtime 1728279722.0
File /Users/mac/Desktop/healthcare app/myenv/lib/python3.13/site-packages/pandas/core/missing.py first seen with mtime 1741412089.114428
File /Users/mac/Desktop/healthcare app/myenv/lib/python3.13/site-packages/seaborn/colors/__init__.py first seen with mtime 1741412092.6698608
File /Users/mac/Desktop/healthcare app/myenv/lib/python3.13/site-packages/django/db/backends/utils.py first seen with mtime 1741430604.9891307
File /Users/mac/Desktop/healthcare app/myenv/lib/python3.13/site-packages/scipy/special/_specfun.cpython-313-darwin.so first seen with mtime 1741412086.060024
File /Users/mac/Desktop/healthcare app/myenv/lib/python3.13/site-packages/narwhals/dataframe.py first seen with mtime 1742030805.1930323
File /Library/Frameworks/Python.framework/Versions/3.13/lib/python3.13/importlib/readers.py first seen with mtime 1728279722.0
File /Users/mac/Desktop/healthcare app/myenv/lib/python3.13/site-packages/scipy/optimize/_trustregion_exact.py first seen with mtime 1741412085.9410982
File /Users/mac/Desktop/healthcare app/myenv/lib/python3.13/site-packages/pandas/__init__.py first seen with mtime 1741412089.1123064
File /Users/mac/Desktop/healthcare app/myenv/lib/python3.13/site-packages/pyasn1/compat/integer.py first seen with mtime 1746126556.650187
File /Users/mac/Desktop/healthcare app/myenv/lib/python3.13/site-packages/scipy/optimize/_trustregion.py first seen with mtime 1741412085.9376552
File /Users/mac/Desktop/healthcare app/myenv/lib/python3.13/site-packages/scipy/integrate/_rules/__init__.py first seen with mtime 1741412085.9857216
File /Users/mac/Desktop/healthcare app/myenv/lib/python3.13/site-packages/scipy/integrate/_vode.cpython-313-darwin.so first seen with mtime 1741412085.9814117
File /Users/mac/Desktop/healthcare app/myenv/lib/python3.13/site-packages/django/db/backends/sqlite3/client.py first seen with mtime 1741430604.9974954
File /Users/mac/Desktop/healthcare app/myenv/lib/python3.13/site-packages/sqlparse/filters/right_margin.py first seen with mtime 1741430604.2913976
File /Library/Frameworks/Python.framework/Versions/3.13/lib/python3.13/lib-dynload/binascii.cpython-313-darwin.so first seen with mtime 1728280560.0
File /Users/mac/Desktop/healthcare app/myenv/lib/python3.13/site-packages/django/views/decorators/debug.py first seen with mtime 1741430605.0510209
File /Users/mac/Desktop/healthcare app/myenv/lib/python3.13/site-packages/numpy/_core/_ufunc_config.py first seen with mtime 1741412084.3219125
File /Users/mac/Desktop/healthcare app/myenv/lib/python3.13/site-packages/twisted/protocols/__init__.py first seen with mtime 1746126557.1176598
File /Users/mac/Desktop/healthcare app/myenv/lib/python3.13/site-packages/pandas/io/formats/__init__.py first seen with mtime 1741412089.1723318
File /Library/Frameworks/Python.framework/Versions/3.13/lib/python3.13/email/__init__.py first seen with mtime 1728279722.0
File /Users/mac/Desktop/healthcare app/myenv/lib/python3.13/site-packages/django/utils/timesince.py first seen with mtime 1741430605.0472798
File /Users/mac/Desktop/healthcare app/myenv/lib/python3.13/site-packages/numpy/lib/_version.py first seen with mtime 1741412084.39274
File /Users/mac/Desktop/healthcare app/myenv/lib/python3.13/site-packages/scipy/linalg/_decomp_svd.py first seen with mtime 1741412085.9125178
File /Users/mac/Desktop/healthcare app/myenv/lib/python3.13/site-packages/scipy/interpolate/_ndbspline.py first seen with mtime 1741412086.1121457
File /Users/mac/Desktop/healthcare app/myenv/lib/python3.13/site-packages/pygments/lexers/__init__.py first seen with mtime 1741412251.8338397
File /Users/mac/Desktop/healthcare app/myenv/lib/python3.13/site-packages/scipy/integrate/_rules/_gauss_kronrod.py first seen with mtime 1741412085.985928
File /Users/mac/Desktop/healthcare app/myenv/lib/python3.13/site-packages/numpy/_typing/_add_docstring.py first seen with mtime 1741412084.3468606
File /Library/Frameworks/Python.framework/Versions/3.13/lib/python3.13/selectors.py first seen with mtime 1728279722.0
File /Users/mac/Desktop/healthcare app/myenv/lib/python3.13/site-packages/matplotlib/tri/_triangulation.py first seen with mtime 1741412091.8381822
File /Users/mac/Desktop/healthcare app/myenv/lib/python3.13/site-packages/django/contrib/admin/views/__init__.py first seen with mtime 1741430604.505896
File /Library/Frameworks/Python.framework/Versions/3.13/lib/python3.13/email/mime/nonmultipart.py first seen with mtime 1728279722.0
File /Users/mac/Desktop/healthcare app/myenv/lib/python3.13/site-packages/scipy/sparse/sputils.py first seen with mtime 1741412086.1331103
File /Users/mac/Desktop/healthcare app/myenv/lib/python3.13/site-packages/scipy/sparse/_dok.py first seen with mtime 1741412086.1359746
File /Users/mac/Desktop/healthcare app/myenv/lib/python3.13/site-packages/twisted/cred/__init__.py first seen with mtime 1746126557.0714035
File /Users/mac/Desktop/healthcare app/myenv/lib/python3.13/site-packages/attr/_next_gen.py first seen with mtime 1746126556.7662568
File /Users/mac/Desktop/healthcare app/myenv/lib/python3.13/site-packages/django/contrib/sites/__init__.py first seen with mtime 1741430604.9237409
File /Users/mac/Desktop/healthcare app/myenv/lib/python3.13/site-packages/pyparsing/util.py first seen with mtime 1741412084.0678446
File /Users/mac/Desktop/healthcare app/myenv/lib/python3.13/site-packages/scipy/optimize/_tnc.py first seen with mtime 1741412085.9408288
File /Users/mac/Desktop/healthcare app/myenv/lib/python3.13/site-packages/scipy/special/orthogonal.py first seen with mtime 1741412086.0732114
File /Users/mac/Desktop/healthcare app/myenv/lib/python3.13/site-packages/django/apps/__init__.py first seen with mtime 1741430604.3373363
File /Library/Frameworks/Python.framework/Versions/3.13/lib/python3.13/_opcode_metadata.py first seen with mtime 1728279722.0
File /Users/mac/Desktop/healthcare app/myenv/lib/python3.13/site-packages/pandas/core/reshape/api.py first seen with mtime 1741412089.1198695
File /Users/mac/Desktop/healthcare app/myenv/lib/python3.13/site-packages/pyasn1/type/useful.py first seen with mtime 1746126556.6525536
File /Users/mac/Desktop/healthcare app/myenv/lib/python3.13/site-packages/cryptography/hazmat/bindings/__init__.py first seen with mtime 1746126558.767624
File /Users/mac/Desktop/healthcare app/myenv/lib/python3.13/site-packages/pandas/core/indexes/category.py first seen with mtime 1741412089.1657915
File /Library/Frameworks/Python.framework/Versions/3.13/lib/python3.13/asyncio/unix_events.py first seen with mtime 1728279722.0
File /Users/mac/Desktop/healthcare app/myenv/lib/python3.13/site-packages/scipy/sparse/construct.py first seen with mtime 1741412086.1348932
File /Users/mac/Desktop/healthcare app/myenv/lib/python3.13/site-packages/cryptography/exceptions.py first seen with mtime 1746126558.7733293
File /Users/mac/Desktop/healthcare app/myenv/lib/python3.13/site-packages/matplotlib/spines.py first seen with mtime 1741412091.8254292
File /Library/Frameworks/Python.framework/Versions/3.13/lib/python3.13/socket.py first seen with mtime 1728279722.0
File /Users/mac/Desktop/healthcare app/myenv/lib/python3.13/site-packages/daphne/management/commands/runserver.py first seen with mtime 1746126559.3346248
File /Users/mac/Desktop/healthcare app/myenv/lib/python3.13/site-packages/matplotlib/mlab.py first seen with mtime 1741412091.827194
File /Users/mac/Desktop/healthcare app/myenv/lib/python3.13/site-packages/django/utils/text.py first seen with mtime 1741430605.0470366
File /Users/mac/Desktop/healthcare app/myenv/lib/python3.13/site-packages/pandas/io/pytables.py first seen with mtime 1741412089.168502
File /Users/mac/Desktop/healthcare app/myenv/lib/python3.13/site-packages/rest_framework/utils/breadcrumbs.py first seen with mtime 1741700066.5877013
File /Library/Frameworks/Python.framework/Versions/3.13/lib/python3.13/types.py first seen with mtime 1728279722.0
File /Users/mac/Desktop/healthcare app/myenv/lib/python3.13/site-packages/pandas/_libs/reshape.cpython-313-darwin.so first seen with mtime 1741412089.3543758
File /Users/mac/Desktop/healthcare app/myenv/lib/python3.13/site-packages/rest_framework/mixins.py first seen with mtime 1741700066.5515287
File /Users/mac/Desktop/healthcare app/myenv/lib/python3.13/site-packages/scipy/_lib/_util.py first seen with mtime 1741412086.04915
File /Users/mac/Desktop/healthcare app/myenv/lib/python3.13/site-packages/scipy/ndimage/_ni_docstrings.py first seen with mtime 1741412085.9005868
File /Users/mac/Desktop/healthcare app/myenv/lib/python3.13/site-packages/pandas/util/_tester.py first seen with mtime 1741412089.1673698
File /Users/mac/Desktop/healthcare app/myenv/lib/python3.13/site-packages/pyasn1/codec/ber/eoo.py first seen with mtime 1746126556.6462104
File /Users/mac/Desktop/healthcare app/myenv/lib/python3.13/site-packages/rest_framework/response.py first seen with mtime 1741700066.5525978
File /Users/mac/Desktop/healthcare app/myenv/lib/python3.13/site-packages/autobahn/twisted/util.py first seen with mtime 1746126558.9711378
File /Users/mac/Desktop/healthcare app/myenv/lib/python3.13/site-packages/pyasn1/__init__.py first seen with mtime 1746126556.6445076
File /Users/mac/Desktop/healthcare app/myenv/lib/python3.13/site-packages/scipy/cluster/_hierarchy.cpython-313-darwin.so first seen with mtime 1741412085.89859
File /Users/mac/Desktop/healthcare app/myenv/lib/python3.13/site-packages/pandas/core/groupby/__init__.py first seen with mtime 1741412089.1278346
File /Users/mac/Desktop/healthcare app/myenv/lib/python3.13/site-packages/numpy/_utils/_convertions.py first seen with mtime 1741412084.3017805
File /Users/mac/Desktop/healthcare app/myenv/lib/python3.13/site-packages/sqlparse/engine/grouping.py first seen with mtime 1741430604.2904236
File /Users/mac/Desktop/healthcare app/myenv/lib/python3.13/site-packages/scipy/optimize/_direct.cpython-313-darwin.so first seen with mtime 1741412085.9317853
File /Users/mac/Desktop/healthcare app/myenv/lib/python3.13/site-packages/hyperlink/_socket.py first seen with mtime 1746126556.6941454
File /Users/mac/Desktop/healthcare app/myenv/lib/python3.13/site-packages/numpy/lib/_function_base_impl.py first seen with mtime 1741412084.3980737
File /Users/mac/Desktop/healthcare app/myenv/lib/python3.13/site-packages/scipy/_lib/_ccallback.py first seen with mtime 1741412086.0483832
File /Users/mac/Desktop/healthcare app/myenv/lib/python3.13/site-packages/scipy/stats/_relative_risk.py first seen with mtime 1741412086.1969635
File /Users/mac/Desktop/healthcare app/myenv/lib/python3.13/site-packages/pandas/io/_util.py first seen with mtime 1741412089.169482
File /Users/mac/Desktop/healthcare app/myenv/lib/python3.13/site-packages/scipy/optimize/_shgo_lib/__init__.py first seen with mtime 1741412085.9626942
File /Library/Frameworks/Python.framework/Versions/3.13/lib/python3.13/_pyrepl/pager.py first seen with mtime 1728279723.0
File /Users/mac/Desktop/healthcare app/myenv/lib/python3.13/site-packages/scipy/optimize/_moduleTNC.cpython-313-darwin.so first seen with mtime 1741412085.9391608
File /Users/mac/Desktop/healthcare app/myenv/lib/python3.13/site-packages/scipy/_lib/_uarray/_uarray.cpython-313-darwin.so first seen with mtime 1741412086.050225
File /Users/mac/Desktop/healthcare app/myenv/lib/python3.13/site-packages/scipy/special/specfun.py first seen with mtime 1741412086.0732913
File /Users/mac/Desktop/healthcare app/myenv/lib/python3.13/site-packages/scipy/stats/_survival.py first seen with mtime 1741412086.1949086
File /Users/mac/Desktop/healthcare app/myenv/lib/python3.13/site-packages/django/db/migrations/__init__.py first seen with mtime 1741430604.9985075
File /Users/mac/Desktop/healthcare app/myenv/lib/python3.13/site-packages/scipy/spatial/_distance_pybind.cpython-313-darwin.so first seen with mtime 1741412086.1656685
File /Users/mac/Desktop/healthcare app/myenv/lib/python3.13/site-packages/scipy/_lib/__init__.py first seen with mtime 1741412086.0479407
File /Users/mac/Desktop/healthcare app/myenv/lib/python3.13/site-packages/scipy/optimize/_highspy/_core.cpython-313-darwin.so first seen with mtime 1741412085.9701493
File /Users/mac/Desktop/healthcare app/myenv/lib/python3.13/site-packages/scipy/linalg/decomp.py first seen with mtime 1741412085.9141686
File /Users/mac/Desktop/healthcare app/myenv/lib/python3.13/site-packages/numpy/polynomial/chebyshev.py first seen with mtime 1741412084.4248767
File /Users/mac/Desktop/healthcare app/myenv/lib/python3.13/site-packages/django/views/csrf.py first seen with mtime 1741430605.0495458
File /Users/mac/Desktop/healthcare app/myenv/lib/python3.13/site-packages/django/core/checks/files.py first seen with mtime 1741430604.973771
File /Library/Frameworks/Python.framework/Versions/3.13/lib/python3.13/lib-dynload/_scproxy.cpython-313-darwin.so first seen with mtime 1728280555.0
File /Users/mac/Desktop/healthcare app/myenv/lib/python3.13/site-packages/pandas/_libs/ops_dispatch.cpython-313-darwin.so first seen with mtime 1741412089.3628259
File /Users/mac/Desktop/healthcare app/myenv/lib/python3.13/site-packages/django/urls/conf.py first seen with mtime 1741430605.0364933
File /Users/mac/Desktop/healthcare app/myenv/lib/python3.13/site-packages/pyasn1/codec/cer/__init__.py first seen with mtime 1746126556.6465044
File /Users/mac/Desktop/healthcare app/myenv/lib/python3.13/site-packages/django/templatetags/l10n.py first seen with mtime 1741430605.032901
File /Users/mac/Desktop/healthcare app/myenv/lib/python3.13/site-packages/numpy/__init__.py first seen with mtime 1741412084.2995892
File /Users/mac/Desktop/healthcare app/myenv/lib/python3.13/site-packages/twisted/internet/udp.py first seen with mtime 1746126557.0817022
File /Users/mac/Desktop/healthcare app/myenv/lib/python3.13/site-packages/pandas/core/groupby/base.py first seen with mtime 1741412089.1288636
File /Users/mac/Desktop/healthcare app/myenv/lib/python3.13/site-packages/matplotlib/text.py first seen with mtime 1741412091.8260741
File /Users/mac/Desktop/healthcare app/myenv/lib/python3.13/site-packages/django/template/defaulttags.py first seen with mtime 1741430605.029444
File /Users/mac/Desktop/healthcare app/myenv/lib/python3.13/site-packages/daphne/management/__init__.py first seen with mtime 1746126559.3341775
File /Users/mac/Desktop/healthcare app/myenv/lib/python3.13/site-packages/django/apps/config.py first seen with mtime 1741430604.3374612
File /Users/mac/Desktop/healthcare app/myenv/lib/python3.13/site-packages/plotly/express/__init__.py first seen with mtime 1742030805.425967
File /Users/mac/Desktop/healthcare app/myenv/lib/python3.13/site-packages/scipy/spatial/ckdtree.py first seen with mtime 1741412086.1693742
File /Users/mac/Desktop/healthcare app/myenv/lib/python3.13/site-packages/matplotlib/legend.py first seen with mtime 1741412091.809592
File /Users/mac/Desktop/healthcare app/myenv/lib/python3.13/site-packages/django/core/files/storage/filesystem.py first seen with mtime 1741430604.9777021
File /Users/mac/Desktop/healthcare app/myenv/lib/python3.13/site-packages/narwhals/dtypes.py first seen with mtime 1742030805.1936975
File /Users/mac/Desktop/healthcare app/myenv/lib/python3.13/site-packages/dateutil/parser/isoparser.py first seen with mtime 1741412087.9037066
File /Users/mac/Desktop/healthcare app/myenv/lib/python3.13/site-packages/charset_normalizer/cd.py first seen with mtime 1741414831.7708647
File /Users/mac/Desktop/healthcare app/myenv/lib/python3.13/site-packages/django/core/checks/async_checks.py first seen with mtime 1741430604.973467
File /Users/mac/Desktop/healthcare app/myenv/lib/python3.13/site-packages/numpy/_core/_add_newdocs.py first seen with mtime 1741412084.3108377
File /Users/mac/Desktop/healthcare app/myenv/lib/python3.13/site-packages/numpy/polynomial/hermite_e.py first seen with mtime 1741412084.4247236
File /Users/mac/Desktop/healthcare app/myenv/lib/python3.13/site-packages/pandas/core/arrays/datetimes.py first seen with mtime 1741412089.1569688
File /Users/mac/Desktop/healthcare app/myenv/lib/python3.13/site-packages/rest_framework/reverse.py first seen with mtime 1741700066.5526848
File /Users/mac/Desktop/healthcare app/myenv/lib/python3.13/site-packages/twisted/web/http_headers.py first seen with mtime 1746126557.1681979
File /Users/mac/Desktop/healthcare app/myenv/lib/python3.13/site-packages/django/contrib/sessions/models.py first seen with mtime 1741430604.8785203
File /Users/mac/Desktop/healthcare app/myenv/lib/python3.13/site-packages/pandas/core/computation/expressions.py first seen with mtime 1741412089.1312866
File /Users/mac/Desktop/healthcare app/myenv/lib/python3.13/site-packages/pygments/regexopt.py first seen with mtime 1741412251.8295677
File /Users/mac/Desktop/healthcare app/myenv/lib/python3.13/site-packages/seaborn/_core/rules.py first seen with mtime 1741412092.667554
File /Users/mac/Desktop/healthcare app/myenv/lib/python3.13/site-packages/pandas/io/formats/info.py first seen with mtime 1741412089.1737678
File /Users/mac/Desktop/healthcare app/myenv/lib/python3.13/site-packages/rest_framework/fields.py first seen with mtime 1741700066.5509095
File /Users/mac/Desktop/healthcare app/myenv/lib/python3.13/site-packages/scipy/optimize/_minpack.cpython-313-darwin.so first seen with mtime 1741412085.9335823
File /Users/mac/Desktop/healthcare app/myenv/lib/python3.13/site-packages/django/db/backends/base/base.py first seen with mtime 1741430604.9893744
File /Users/mac/Desktop/healthcare app/myenv/lib/python3.13/site-packages/scipy/linalg/_solvers.py first seen with mtime 1741412085.9138157
File /Users/mac/Desktop/healthcare app/myenv/lib/python3.13/site-packages/cryptography/hazmat/primitives/_serialization.py first seen with mtime 1746126558.7449944
File /Library/Frameworks/Python.framework/Versions/3.13/lib/python3.13/asyncio/base_tasks.py first seen with mtime 1728279722.0
File /Users/mac/Desktop/healthcare app/myenv/lib/python3.13/site-packages/django/core/handlers/exception.py first seen with mtime 1741430604.9787476
File /Users/mac/Desktop/healthcare app/myenv/lib/python3.13/site-packages/scipy/_lib/uarray.py first seen with mtime 1741412086.046077
File /Users/mac/Desktop/healthcare app/myenv/lib/python3.13/site-packages/django/contrib/admin/widgets.py first seen with mtime 1741430604.4011724
File /Users/mac/Desktop/healthcare app/myenv/lib/python3.13/site-packages/requests/structures.py first seen with mtime 1741414831.7943318
File /Users/mac/Desktop/healthcare app/myenv/lib/python3.13/site-packages/zope/interface/__init__.py first seen with mtime 1746126556.7914367
File /Users/mac/Desktop/healthcare app/myenv/lib/python3.13/site-packages/numpy/_core/shape_base.py first seen with mtime 1741412084.3156939
File /Users/mac/Desktop/healthcare app/myenv/lib/python3.13/site-packages/pandas/io/parsers/readers.py first seen with mtime 1741412089.170618
File /Users/mac/Desktop/healthcare app/myenv/lib/python3.13/site-packages/pandas/core/internals/construction.py first seen with mtime 1741412089.1291344
File /Users/mac/Desktop/healthcare app/myenv/lib/python3.13/site-packages/plotly/shapeannotation.py first seen with mtime 1742030805.4246008
File /Library/Frameworks/Python.framework/Versions/3.13/lib/python3.13/urllib/error.py first seen with mtime 1728279722.0
File /Users/mac/Desktop/healthcare app/myenv/lib/python3.13/site-packages/scipy/sparse/linalg/isolve.py first seen with mtime 1741412086.1360915
File /Users/mac/Desktop/healthcare app/myenv/lib/python3.13/site-packages/twisted/internet/error.py first seen with mtime 1746126557.0779357
File /Users/mac/Desktop/healthcare app/myenv/lib/python3.13/site-packages/numpy/testing/_private/__init__.py first seen with mtime 1741412084.3896594
File /Users/mac/Desktop/healthcare app/myenv/lib/python3.13/site-packages/requests/sessions.py first seen with mtime 1741414831.7939937
File /Users/mac/Desktop/healthcare app/myenv/lib/python3.13/site-packages/django/contrib/messages/utils.py first seen with mtime 1741430604.8002124
File /Users/mac/Desktop/healthcare app/myenv/lib/python3.13/site-packages/pandas/core/arrays/floating.py first seen with mtime 1741412089.1492755
File /Users/mac/Desktop/healthcare app/myenv/lib/python3.13/site-packages/twisted/logger/_capture.py first seen with mtime 1746126557.0937464
File /Users/mac/Desktop/healthcare app/myenv/lib/python3.13/site-packages/packaging/__init__.py first seen with mtime 1741412084.2688715
File /Users/mac/Desktop/healthcare app/myenv/lib/python3.13/site-packages/scipy/linalg/special_matrices.py first seen with mtime 1741412085.9152486
File /Users/mac/Desktop/healthcare app/myenv/lib/python3.13/site-packages/scipy/spatial/_spherical_voronoi.py first seen with mtime 1741412086.1646369
File /Users/mac/Desktop/healthcare app/myenv/lib/python3.13/site-packages/pandas/core/series.py first seen with mtime 1741412089.1162715
File /Users/mac/Desktop/healthcare app/myenv/lib/python3.13/site-packages/pandas/core/ops/invalid.py first seen with mtime 1741412089.1623404
File /Library/Frameworks/Python.framework/Versions/3.13/lib/python3.13/lib-dynload/_opcode.cpython-313-darwin.so first seen with mtime 1728280554.0
File /Users/mac/Desktop/healthcare app/myenv/lib/python3.13/site-packages/pandas/core/arrays/string_.py first seen with mtime 1741412089.157072
File /Users/mac/Desktop/healthcare app/myenv/lib/python3.13/site-packages/rest_framework/authentication.py first seen with mtime 1741700066.549801
File /Users/mac/Desktop/healthcare app/myenv/lib/python3.13/site-packages/_plotly_utils/colors/colorbrewer.py first seen with mtime 1742030805.4217734
File /Users/mac/Desktop/healthcare app/myenv/lib/python3.13/site-packages/pandas/core/base.py first seen with mtime 1741412089.1181514
File /Users/mac/Desktop/healthcare app/myenv/lib/python3.13/site-packages/scipy/interpolate/_ppoly.cpython-313-darwin.so first seen with mtime 1741412086.1060443
File /Users/mac/Desktop/healthcare app/myenv/lib/python3.13/site-packages/django/forms/models.py first seen with mtime 1741430605.0112255
File /Users/mac/Desktop/healthcare app/myenv/lib/python3.13/site-packages/scipy/optimize/_shgo_lib/_vertex.py first seen with mtime 1741412085.9629486
File /Users/mac/Desktop/healthcare app/myenv/lib/python3.13/site-packages/scipy/ndimage/filters.py first seen with mtime 1741412085.9041548
File /Users/mac/Desktop/healthcare app/myenv/lib/python3.13/site-packages/cryptography/hazmat/primitives/asymmetric/padding.py first seen with mtime 1746126558.756043
File /Users/mac/Desktop/healthcare app/myenv/lib/python3.13/site-packages/scipy/linalg/decomp_schur.py first seen with mtime 1741412085.9171956
File /Library/Frameworks/Python.framework/Versions/3.13/lib/python3.13/lib-dynload/_asyncio.cpython-313-darwin.so first seen with mtime 1728280548.0
File /Users/mac/Desktop/healthcare app/myenv/lib/python3.13/site-packages/scipy/optimize/_spectral.py first seen with mtime 1741412085.937255
File /Users/mac/Desktop/healthcare app/myenv/lib/python3.13/site-packages/pandas/_libs/internals.cpython-313-darwin.so first seen with mtime 1741412089.3605933
File /Users/mac/Desktop/healthcare app/myenv/lib/python3.13/site-packages/scipy/cluster/hierarchy.py first seen with mtime 1741412085.897714
File /Users/mac/Desktop/healthcare app/myenv/lib/python3.13/site-packages/scipy/special/_multiufuncs.py first seen with mtime 1741412086.0734093
File /Users/mac/Desktop/healthcare app/myenv/lib/python3.13/site-packages/twisted/plugin.py first seen with mtime 1746126557.049932
File /Users/mac/Desktop/healthcare app/myenv/lib/python3.13/site-packages/django/db/models/fields/generated.py first seen with mtime 1741430605.0060854
File /Library/Frameworks/Python.framework/Versions/3.13/lib/python3.13/_pyrepl/__init__.py first seen with mtime 1728279723.0
File /Users/mac/Desktop/healthcare app/myenv/lib/python3.13/site-packages/scipy/ndimage/measurements.py first seen with mtime 1741412085.9042416
File /Users/mac/Desktop/healthcare app/myenv/lib/python3.13/site-packages/attrs/setters.py first seen with mtime 1746126556.771084
File /Users/mac/Desktop/healthcare app/myenv/lib/python3.13/site-packages/scipy/interpolate/ndgriddata.py first seen with mtime 1741412086.112232
File /Users/mac/Desktop/healthcare app/myenv/lib/python3.13/site-packages/charset_normalizer/constant.py first seen with mtime 1741414831.7702122
File /Users/mac/Desktop/healthcare app/myenv/lib/python3.13/site-packages/scipy/integrate/_quadpack_py.py first seen with mtime 1741412085.979717
File /Users/mac/Desktop/healthcare app/myenv/lib/python3.13/site-packages/pygments/styles/__init__.py first seen with mtime 1741412251.8759816
File /Users/mac/Desktop/healthcare app/myenv/lib/python3.13/site-packages/scipy/stats/_distr_params.py first seen with mtime 1741412086.1956997
File /Users/mac/Desktop/healthcare app/myenv/lib/python3.13/site-packages/scipy/stats/_page_trend_test.py first seen with mtime 1741412086.1989043
File /Users/mac/Desktop/healthcare app/myenv/lib/python3.13/site-packages/pandas/core/computation/expr.py first seen with mtime 1741412089.1323278
File /Users/mac/Desktop/healthcare app/myenv/lib/python3.13/site-packages/pytz/exceptions.py first seen with mtime 1741412083.9036415
File /Users/mac/Desktop/healthcare app/myenv/lib/python3.13/site-packages/pandas/core/indexes/interval.py first seen with mtime 1741412089.163342
File /Users/mac/Desktop/healthcare app/myenv/lib/python3.13/site-packages/scipy/stats/_levy_stable/__init__.py first seen with mtime 1741412086.2102308
File /Users/mac/Desktop/healthcare app/myenv/lib/python3.13/site-packages/pandas/compat/_optional.py first seen with mtime 1741412089.1128242
File /Library/Frameworks/Python.framework/Versions/3.13/lib/python3.13/_weakrefset.py first seen with mtime 1728279722.0
File /Library/Frameworks/Python.framework/Versions/3.13/lib/python3.13/lib-dynload/_uuid.cpython-313-darwin.so first seen with mtime 1728280559.0
File /Users/mac/Desktop/healthcare app/myenv/lib/python3.13/site-packages/matplotlib/_api/__init__.py first seen with mtime 1741412091.8699682
File /Users/mac/Desktop/healthcare app/myenv/lib/python3.13/site-packages/certifi/core.py first seen with mtime 1741414831.7883024
File /Library/Frameworks/Python.framework/Versions/3.13/lib/python3.13/asyncio/mixins.py first seen with mtime 1728279722.0
File /Users/mac/Desktop/healthcare app/myenv/lib/python3.13/site-packages/scipy/ndimage/_ni_support.py first seen with mtime 1741412085.89968
File /Users/mac/Desktop/healthcare app/myenv/lib/python3.13/site-packages/scipy/optimize/_cobyla.cpython-313-darwin.so first seen with mtime 1741412085.9320397
File /Users/mac/Desktop/healthcare app/myenv/lib/python3.13/site-packages/twisted/logger/_logger.py first seen with mtime 1746126557.0953124
File /Users/mac/Desktop/healthcare app/myenv/lib/python3.13/site-packages/click/decorators.py first seen with mtime 1741413491.4140844
File /Users/mac/Desktop/healthcare app/myenv/lib/python3.13/site-packages/numpy/_core/_type_aliases.py first seen with mtime 1741412084.3225853
File /Users/mac/Desktop/healthcare app/myenv/lib/python3.13/site-packages/django/core/servers/basehttp.py first seen with mtime 1741430604.9871697
File /Users/mac/Desktop/healthcare app/myenv/lib/python3.13/site-packages/matplotlib/collections.py first seen with mtime 1741412091.8253047
File /Users/mac/Desktop/healthcare app/myenv/lib/python3.13/site-packages/django/utils/dateformat.py first seen with mtime 1741430605.0398958
File /Users/mac/Desktop/healthcare app/myenv/lib/python3.13/site-packages/django/template/loaders/cached.py first seen with mtime 1741430605.032069
File /Library/Frameworks/Python.framework/Versions/3.13/lib/python3.13/pathlib/_abc.py first seen with mtime 1728279722.0
File /Users/mac/Desktop/healthcare app/myenv/lib/python3.13/site-packages/scipy/sparse/extract.py first seen with mtime 1741412086.1351492
File /Users/mac/Desktop/healthcare app/myenv/lib/python3.13/site-packages/cryptography/hazmat/primitives/ciphers/modes.py first seen with mtime 1746126558.7517085
File /Library/Frameworks/Python.framework/Versions/3.13/lib/python3.13/copy.py first seen with mtime 1728279722.0
File /Library/Frameworks/Python.framework/Versions/3.13/lib/python3.13/plistlib.py first seen with mtime 1728279722.0
File /Users/mac/Desktop/healthcare app/myenv/lib/python3.13/site-packages/scipy/special/spfun_stats.py first seen with mtime 1741412086.0595317
File /Users/mac/Desktop/healthcare app/myenv/lib/python3.13/site-packages/twisted/python/reflect.py first seen with mtime 1746126557.1259518
File /Users/mac/Desktop/healthcare app/myenv/lib/python3.13/site-packages/django/contrib/admin/migrations/__init__.py first seen with mtime 1741430604.4802673
File /Users/mac/Desktop/healthcare app/myenv/lib/python3.13/site-packages/pyasn1/type/namedval.py first seen with mtime 1746126556.6515207
File /Library/Frameworks/Python.framework/Versions/3.13/lib/python3.13/logging/config.py first seen with mtime 1728279722.0
File /Library/Frameworks/Python.framework/Versions/3.13/lib/python3.13/re/__init__.py first seen with mtime 1728279722.0
File /Users/mac/Desktop/healthcare app/myenv/lib/python3.13/site-packages/pandas/_libs/writers.cpython-313-darwin.so first seen with mtime 1741412089.362376
File /Users/mac/Desktop/healthcare app/myenv/lib/python3.13/site-packages/django/db/backends/sqlite3/base.py first seen with mtime 1741430604.9973845
File /Users/mac/Desktop/healthcare app/myenv/lib/python3.13/site-packages/django/db/migrations/utils.py first seen with mtime 1741430605.0011098
File /Users/mac/Desktop/healthcare app/myenv/lib/python3.13/site-packages/seaborn/algorithms.py first seen with mtime 1741412092.660338
File /Users/mac/Desktop/healthcare app/myenv/lib/python3.13/site-packages/pandas/core/groupby/ops.py first seen with mtime 1741412089.1279602
File /Users/mac/Desktop/healthcare app/myenv/lib/python3.13/site-packages/pyparsing/__init__.py first seen with mtime 1741412084.0656266
File /Users/mac/Desktop/healthcare app/myenv/lib/python3.13/site-packages/scipy/stats/_ansari_swilk_statistics.cpython-313-darwin.so first seen with mtime 1741412086.2068892
File /Users/mac/Desktop/healthcare app/myenv/lib/python3.13/site-packages/_plotly_utils/png.py first seen with mtime 1742030805.4206588
File /Users/mac/Desktop/healthcare app/myenv/lib/python3.13/site-packages/pandas/compat/_constants.py first seen with mtime 1741412089.1126087
File /Users/mac/Desktop/healthcare app/myenv/lib/python3.13/site-packages/scipy/stats/_common.py first seen with mtime 1741412086.1991827
File /Library/Frameworks/Python.framework/Versions/3.13/lib/python3.13/struct.py first seen with mtime 1728279722.0
File /Users/mac/Desktop/healthcare app/myenv/lib/python3.13/site-packages/twisted/internet/unix.py first seen with mtime 1746126557.0818698
File /Users/mac/Desktop/healthcare app/myenv/lib/python3.13/site-packages/scipy/linalg/_misc.py first seen with mtime 1741412085.9193895
File /Library/Frameworks/Python.framework/Versions/3.13/lib/python3.13/lib-dynload/_random.cpython-313-darwin.so first seen with mtime 1728280555.0
File /Users/mac/Desktop/healthcare app/myenv/lib/python3.13/site-packages/scipy/stats/_stats_pythran.cpython-313-darwin.so first seen with mtime 1741412086.201423
File /Users/mac/Desktop/healthcare app/myenv/lib/python3.13/site-packages/scipy/optimize/_trustregion_dogleg.py first seen with mtime 1741412085.9406018
File /Users/mac/Desktop/healthcare app/myenv/lib/python3.13/site-packages/scipy/interpolate/_polyint.py first seen with mtime 1741412086.1113656
File /Users/mac/Desktop/healthcare app/healthcare_project/healthcare_app/forms.py first seen with mtime 1743161887.9923065
File /Users/mac/Desktop/healthcare app/myenv/lib/python3.13/site-packages/scipy/cluster/_optimal_leaf_ordering.cpython-313-darwin.so first seen with mtime 1741412085.897232
File /Users/mac/Desktop/healthcare app/myenv/lib/python3.13/site-packages/attrs/exceptions.py first seen with mtime 1746126556.769697
File /Users/mac/Desktop/healthcare app/myenv/lib/python3.13/site-packages/scipy/linalg/cython_blas.cpython-313-darwin.so first seen with mtime 1741412085.9186761
File /Users/mac/Desktop/healthcare app/myenv/lib/python3.13/site-packages/scipy/integrate/_ivp/__init__.py first seen with mtime 1741412085.9866712
File /Users/mac/Desktop/healthcare app/myenv/lib/python3.13/site-packages/pandas/io/excel/_xlsxwriter.py first seen with mtime 1741412089.1763315
File /Users/mac/Desktop/healthcare app/myenv/lib/python3.13/site-packages/django/contrib/sessions/__init__.py first seen with mtime 1741430604.8780146
File /Users/mac/Desktop/healthcare app/myenv/lib/python3.13/site-packages/narwhals/_expression_parsing.py first seen with mtime 1742030805.1925135
File /Library/Frameworks/Python.framework/Versions/3.13/lib/python3.13/datetime.py first seen with mtime 1728279722.0
File /Users/mac/Desktop/healthcare app/myenv/lib/python3.13/site-packages/scipy/sparse/_dia.py first seen with mtime 1741412086.1344252
File /Users/mac/Desktop/healthcare app/myenv/lib/python3.13/site-packages/sqlparse/filters/others.py first seen with mtime 1741430604.2910936
File /Users/mac/Desktop/healthcare app/myenv/lib/python3.13/site-packages/scipy/sparse/linalg/_propack/_cpropack.cpython-313-darwin.so first seen with mtime 1741412086.1439931
File /Users/mac/Desktop/healthcare app/myenv/lib/python3.13/site-packages/seaborn/external/__init__.py first seen with mtime 1741412092.6702933
File /Users/mac/Desktop/healthcare app/myenv/lib/python3.13/site-packages/django/contrib/sessions/middleware.py first seen with mtime 1741430604.8784149
File /Users/mac/Desktop/healthcare app/myenv/lib/python3.13/site-packages/autobahn/wamp/role.py first seen with mtime 1746126558.9765887
File /Users/mac/Desktop/healthcare app/myenv/lib/python3.13/site-packages/pandas/io/parsers/python_parser.py first seen with mtime 1741412089.1708329
File /Users/mac/Desktop/healthcare app/myenv/lib/python3.13/site-packages/scipy/_lib/_uarray/__init__.py first seen with mtime 1741412086.0506504
File /Users/mac/Desktop/healthcare app/myenv/lib/python3.13/site-packages/scipy/optimize/_chandrupatla.py first seen with mtime 1741412085.9369347
File /Library/Frameworks/Python.framework/Versions/3.13/lib/python3.13/asyncio/runners.py first seen with mtime 1728279722.0
File /Users/mac/Desktop/healthcare app/myenv/lib/python3.13/site-packages/scipy/sparse/linalg/_eigen/arpack/__init__.py first seen with mtime 1741412086.1418178
File /Users/mac/Desktop/healthcare app/myenv/lib/python3.13/site-packages/django/contrib/admin/__init__.py first seen with mtime 1741430604.3988674
File /Users/mac/Desktop/healthcare app/myenv/lib/python3.13/site-packages/numpy/testing/_private/utils.py first seen with mtime 1741412084.3904712
File /Users/mac/Desktop/healthcare app/myenv/lib/python3.13/site-packages/matplotlib/tri/__init__.py first seen with mtime 1741412091.838427
File /Users/mac/Desktop/healthcare app/myenv/lib/python3.13/site-packages/pandas/_config/display.py first seen with mtime 1741412089.4024293
File /Users/mac/Desktop/healthcare app/myenv/lib/python3.13/site-packages/django/utils/ipv6.py first seen with mtime 1741430605.043533
File /Library/Frameworks/Python.framework/Versions/3.13/lib/python3.13/locale.py first seen with mtime 1728279722.0
File /Users/mac/Desktop/healthcare app/myenv/lib/python3.13/site-packages/zope/interface/interface.py first seen with mtime 1746126556.793033
File /Users/mac/Desktop/healthcare app/myenv/lib/python3.13/site-packages/django/core/exceptions.py first seen with mtime 1741430604.9705133
File /Users/mac/Desktop/healthcare app/healthcare_project/healthcare_project/settings.py first seen with mtime 1746127111.2888172
File /Users/mac/Desktop/healthcare app/myenv/lib/python3.13/site-packages/pandas/core/array_algos/take.py first seen with mtime 1741412089.1236746
File /Users/mac/Desktop/healthcare app/myenv/lib/python3.13/site-packages/scipy/stats/_ksstats.py first seen with mtime 1741412086.1985533
File /Users/mac/Desktop/healthcare app/myenv/lib/python3.13/site-packages/scipy/special/_orthogonal.py first seen with mtime 1741412086.0726528
File /Users/mac/Desktop/healthcare app/myenv/lib/python3.13/site-packages/pandas/core/computation/__init__.py first seen with mtime 1741412089.1313221
File /Users/mac/Desktop/healthcare app/myenv/lib/python3.13/site-packages/numpy/polynomial/polyutils.py first seen with mtime 1741412084.4233866
File /Users/mac/Desktop/healthcare app/myenv/lib/python3.13/site-packages/django/template/backends/__init__.py first seen with mtime 1741430605.0309496
File /Users/mac/Desktop/healthcare app/myenv/lib/python3.13/site-packages/plotly/graph_objs/__init__.py first seen with mtime 1742030805.4317288
File /Users/mac/Desktop/healthcare app/myenv/lib/python3.13/site-packages/scipy/spatial/_kdtree.py first seen with mtime 1741412086.165915
File /Users/mac/Desktop/healthcare app/myenv/lib/python3.13/site-packages/narwhals/series_list.py first seen with mtime 1742030805.1961226
File /Users/mac/Desktop/healthcare app/myenv/lib/python3.13/site-packages/scipy/_lib/array_api_compat/numpy/_aliases.py first seen with mtime 1741412086.053746
File /Users/mac/Desktop/healthcare app/myenv/lib/python3.13/site-packages/scipy/sparse/csgraph/_reordering.cpython-313-darwin.so first seen with mtime 1741412086.1553807
File /Users/mac/Desktop/healthcare app/myenv/lib/python3.13/site-packages/rest_framework/serializers.py first seen with mtime 1741700066.553023
File /Library/Frameworks/Python.framework/Versions/3.13/lib/python3.13/email/utils.py first seen with mtime 1728279722.0
File /Users/mac/Desktop/healthcare app/myenv/lib/python3.13/site-packages/django/core/checks/model_checks.py first seen with mtime 1741430604.974154
File /Users/mac/Desktop/healthcare app/myenv/lib/python3.13/site-packages/django/core/files/storage/memory.py first seen with mtime 1741430604.9779818
File /Library/Frameworks/Python.framework/Versions/3.13/lib/python3.13/contextlib.py first seen with mtime 1728279722.0
File /Users/mac/Desktop/healthcare app/myenv/lib/python3.13/site-packages/django/template/loaders/base.py first seen with mtime 1741430605.0319586
File /Users/mac/Desktop/healthcare app/myenv/lib/python3.13/site-packages/django/dispatch/__init__.py first seen with mtime 1741430605.0098195
File /Users/mac/Desktop/healthcare app/myenv/lib/python3.13/site-packages/django/db/models/signals.py first seen with mtime 1741430605.0047283
File /Users/mac/Desktop/healthcare app/myenv/lib/python3.13/site-packages/pandas/_libs/tslibs/np_datetime.cpython-313-darwin.so first seen with mtime 1741412089.397416
File /Users/mac/Desktop/healthcare app/myenv/lib/python3.13/site-packages/django/db/models/functions/window.py first seen with mtime 1741430605.0082433
File /Users/mac/Desktop/healthcare app/myenv/lib/python3.13/site-packages/django/utils/translation/reloader.py first seen with mtime 1741430605.0485792
File /Users/mac/Desktop/healthcare app/myenv/lib/python3.13/site-packages/django/db/backends/sqlite3/operations.py first seen with mtime 1741430604.9982302
File /Users/mac/Desktop/healthcare app/myenv/lib/python3.13/site-packages/scipy/integrate/__init__.py first seen with mtime 1741412085.9809453
File /Users/mac/Desktop/healthcare app/myenv/lib/python3.13/site-packages/narwhals/schema.py first seen with mtime 1742030805.1954556
File /Users/mac/Desktop/healthcare app/myenv/lib/python3.13/site-packages/numpy/ma/__init__.py first seen with mtime 1741412084.307417
File /Users/mac/Desktop/healthcare app/myenv/lib/python3.13/site-packages/matplotlib/colorizer.py first seen with mtime 1741412091.8032572
File /Library/Frameworks/Python.framework/Versions/3.13/lib/python3.13/pathlib/_local.py first seen with mtime 1728279722.0
File /Users/mac/Desktop/healthcare app/myenv/lib/python3.13/site-packages/numpy/ctypeslib.py first seen with mtime 1741412084.30034
File /Users/mac/Desktop/healthcare app/myenv/lib/python3.13/site-packages/pandas/_config/dates.py first seen with mtime 1741412089.402747
File /Users/mac/Desktop/healthcare app/myenv/lib/python3.13/site-packages/pandas/tseries/offsets.py first seen with mtime 1741412089.1783614
File /Users/mac/Desktop/healthcare app/myenv/lib/python3.13/site-packages/matplotlib/axes/_axes.py first seen with mtime 1741412091.840233
File /Library/Frameworks/Python.framework/Versions/3.13/lib/python3.13/email/policy.py first seen with mtime 1728279722.0
File /Library/Frameworks/Python.framework/Versions/3.13/lib/python3.13/lib-dynload/_csv.cpython-313-darwin.so first seen with mtime 1728280550.0
File /Users/mac/Desktop/healthcare app/myenv/lib/python3.13/site-packages/twisted/web/_responses.py first seen with mtime 1746126557.1663322
File /Users/mac/Desktop/healthcare app/myenv/lib/python3.13/site-packages/scipy/sparse/_lil.py first seen with mtime 1741412086.134539
File /Users/mac/Desktop/healthcare app/myenv/lib/python3.13/site-packages/cryptography/hazmat/bindings/openssl/_conditional.py first seen with mtime 1746126558.7683132
File /Users/mac/Desktop/healthcare app/myenv/lib/python3.13/site-packages/seaborn/external/version.py first seen with mtime 1741412092.671234
File /Users/mac/Desktop/healthcare app/myenv/lib/python3.13/site-packages/django/utils/log.py first seen with mtime 1741430605.0441833
File /Users/mac/Desktop/healthcare app/myenv/lib/python3.13/site-packages/scipy/stats/_warnings_errors.py first seen with mtime 1741412086.1967967
File /Users/mac/Desktop/healthcare app/myenv/lib/python3.13/site-packages/pandas/compat/numpy/function.py first seen with mtime 1741412089.1137943
File /Users/mac/Desktop/healthcare app/myenv/lib/python3.13/site-packages/pandas/core/construction.py first seen with mtime 1741412089.1150184
File /Users/mac/Desktop/healthcare app/myenv/lib/python3.13/site-packages/scipy/sparse/csgraph/_flow.cpython-313-darwin.so first seen with mtime 1741412086.15477
File /Users/mac/Desktop/healthcare app/myenv/lib/python3.13/site-packages/django/contrib/admin/models.py first seen with mtime 1741430604.4005494
File /Users/mac/Desktop/healthcare app/myenv/lib/python3.13/site-packages/requests/hooks.py first seen with mtime 1741414831.7936547
File /Users/mac/Desktop/healthcare app/myenv/lib/python3.13/site-packages/twisted/python/compat.py first seen with mtime 1746126557.1236098
File /Users/mac/Desktop/healthcare app/myenv/lib/python3.13/site-packages/dateutil/_version.py first seen with mtime 1741412087.9021914
File /Users/mac/Desktop/healthcare app/myenv/lib/python3.13/site-packages/pandas/core/indexing.py first seen with mtime 1741412089.1179805
File /Users/mac/Desktop/healthcare app/myenv/lib/python3.13/site-packages/pandas/core/methods/__init__.py first seen with mtime 1741412089.122042
File /Users/mac/Desktop/healthcare app/myenv/lib/python3.13/site-packages/pandas/core/computation/parsing.py first seen with mtime 1741412089.1305838
File /Users/mac/Desktop/healthcare app/myenv/lib/python3.13/site-packages/scipy/special/_logsumexp.py first seen with mtime 1741412086.0744257
File /Users/mac/Desktop/healthcare app/myenv/lib/python3.13/site-packages/charset_normalizer/utils.py first seen with mtime 1741414831.7690122
File /Users/mac/Desktop/healthcare app/myenv/lib/python3.13/site-packages/twisted/_threads/__init__.py first seen with mtime 1746126557.0502558
File /Users/mac/Desktop/healthcare app/myenv/lib/python3.13/site-packages/scipy/integrate/_ivp/rk.py first seen with mtime 1741412085.9874039
File /Library/Frameworks/Python.framework/Versions/3.13/lib/python3.13/secrets.py first seen with mtime 1728279722.0
File /Users/mac/Desktop/healthcare app/myenv/lib/python3.13/site-packages/django/contrib/admin/templatetags/admin_urls.py first seen with mtime 1741430604.5056179
File /Users/mac/Desktop/healthcare app/myenv/lib/python3.13/site-packages/django/db/models/fields/related_descriptors.py first seen with mtime 1741430605.006778
File /Library/Frameworks/Python.framework/Versions/3.13/lib/python3.13/email/errors.py first seen with mtime 1728279722.0
File /Users/mac/Desktop/healthcare app/myenv/lib/python3.13/site-packages/rest_framework/negotiation.py first seen with mtime 1741700066.5516226
File /Users/mac/Desktop/healthcare app/myenv/lib/python3.13/site-packages/pandas/core/dtypes/api.py first seen with mtime 1741412089.1268072
File /Library/Frameworks/Python.framework/Versions/3.13/lib/python3.13/importlib/metadata/_itertools.py first seen with mtime 1728279722.0
File /Users/mac/Desktop/healthcare app/myenv/lib/python3.13/site-packages/scipy/stats/_biasedurn.cpython-313-darwin.so first seen with mtime 1741412086.2004478
File /Users/mac/Desktop/healthcare app/myenv/lib/python3.13/site-packages/matplotlib/tri/_tripcolor.py first seen with mtime 1741412091.837649
File /Users/mac/Desktop/healthcare app/myenv/lib/python3.13/site-packages/pandas/core/flags.py first seen with mtime 1741412089.1152797
File /Users/mac/Desktop/healthcare app/myenv/lib/python3.13/site-packages/matplotlib/widgets.py first seen with mtime 1741412091.8205411
File /Users/mac/Desktop/healthcare app/myenv/lib/python3.13/site-packages/rest_framework/exceptions.py first seen with mtime 1741700066.550719
File /Users/mac/Desktop/healthcare app/myenv/lib/python3.13/site-packages/django/forms/utils.py first seen with mtime 1741430605.0116265
File /Users/mac/Desktop/healthcare app/myenv/lib/python3.13/site-packages/pandas/core/indexes/api.py first seen with mtime 1741412089.1644206
File /Users/mac/Desktop/healthcare app/myenv/lib/python3.13/site-packages/numpy/fft/__init__.py first seen with mtime 1741412084.4036584
File /Users/mac/Desktop/healthcare app/myenv/lib/python3.13/site-packages/dateutil/__init__.py first seen with mtime 1741412087.9020097
File /Users/mac/Desktop/healthcare app/myenv/lib/python3.13/site-packages/cryptography/hazmat/bindings/openssl/binding.py first seen with mtime 1746126558.768454
File /Users/mac/Desktop/healthcare app/myenv/lib/python3.13/site-packages/pandas/core/api.py first seen with mtime 1741412089.1166022
File /Users/mac/Desktop/healthcare app/myenv/lib/python3.13/site-packages/scipy/_lib/array_api_compat/numpy/fft.py first seen with mtime 1741412086.053929
File /Users/mac/Desktop/healthcare app/myenv/lib/python3.13/site-packages/matplotlib/legend_handler.py first seen with mtime 1741412091.7968225
File /Users/mac/Desktop/healthcare app/myenv/lib/python3.13/site-packages/numpy/random/_mt19937.cpython-313-darwin.so first seen with mtime 1741412084.4063928
File /Users/mac/Desktop/healthcare app/myenv/lib/python3.13/site-packages/django/contrib/auth/management/__init__.py first seen with mtime 1741430604.6075473
File /Users/mac/Desktop/healthcare app/myenv/lib/python3.13/site-packages/twisted/cred/_digest.py first seen with mtime 1746126557.0715299
File /Users/mac/Desktop/healthcare app/myenv/lib/python3.13/site-packages/scipy/sparse/linalg/eigen.py first seen with mtime 1741412086.1377258
File /Users/mac/Desktop/healthcare app/myenv/lib/python3.13/site-packages/dateutil/tz/_common.py first seen with mtime 1741412087.9040935
File /Users/mac/Desktop/healthcare app/myenv/lib/python3.13/site-packages/pandas/core/reshape/merge.py first seen with mtime 1741412089.1192763
File /Users/mac/Desktop/healthcare app/myenv/lib/python3.13/site-packages/autobahn/websocket/xormasker.py first seen with mtime 1746126558.9957993
File /Users/mac/Desktop/healthcare app/myenv/lib/python3.13/site-packages/attr/_version_info.py first seen with mtime 1746126556.7665908
File /Library/Frameworks/Python.framework/Versions/3.13/lib/python3.13/opcode.py first seen with mtime 1728279722.0
File /Library/Frameworks/Python.framework/Versions/3.13/lib/python3.13/_sysconfigdata__darwin_darwin.py first seen with mtime 1728279724.0
File /Users/mac/Desktop/healthcare app/myenv/lib/python3.13/site-packages/django/contrib/messages/storage/base.py first seen with mtime 1741430604.801357
File /Users/mac/Desktop/healthcare app/myenv/lib/python3.13/site-packages/urllib3/util/response.py first seen with mtime 1741414831.6878603
File /Users/mac/Desktop/healthcare app/myenv/lib/python3.13/site-packages/pandas/core/frame.py first seen with mtime 1741412089.1173496
File /Users/mac/Desktop/healthcare app/myenv/lib/python3.13/site-packages/urllib3/__init__.py first seen with mtime 1741414831.6832616
File /Users/mac/Desktop/healthcare app/myenv/lib/python3.13/site-packages/scipy/_lib/_docscrape.py first seen with mtime 1741412086.049367
File /Library/Frameworks/Python.framework/Versions/3.13/lib/python3.13/lib-dynload/_posixsubprocess.cpython-313-darwin.so first seen with mtime 1728280555.0
File /Users/mac/Desktop/healthcare app/myenv/lib/python3.13/site-packages/click/__init__.py first seen with mtime 1741413491.4131098
File /Users/mac/Desktop/healthcare app/myenv/lib/python3.13/site-packages/pandas/io/__init__.py first seen with mtime 1741412089.168919
File /Users/mac/Desktop/healthcare app/myenv/lib/python3.13/site-packages/scipy/optimize/nonlin.py first seen with mtime 1741412085.9315066
File /Users/mac/Desktop/healthcare app/myenv/lib/python3.13/site-packages/seaborn/palettes.py first seen with mtime 1741412092.6617894
File /Users/mac/Desktop/healthcare app/myenv/lib/python3.13/site-packages/PIL/_typing.py first seen with mtime 1741412084.116873
File /Users/mac/Desktop/healthcare app/myenv/lib/python3.13/site-packages/autobahn/twisted/choosereactor.py first seen with mtime 1746126558.9696403
File /Users/mac/Desktop/healthcare app/myenv/lib/python3.13/site-packages/pandas/core/dtypes/generic.py first seen with mtime 1741412089.1264188
File /Users/mac/Desktop/healthcare app/myenv/lib/python3.13/site-packages/pyasn1/codec/ber/__init__.py first seen with mtime 1746126556.6454332
File /Library/Frameworks/Python.framework/Versions/3.13/lib/python3.13/keyword.py first seen with mtime 1728279722.0
File /Users/mac/Desktop/healthcare app/myenv/lib/python3.13/site-packages/rest_framework/schemas/generators.py first seen with mtime 1741700066.571474
File /Users/mac/Desktop/healthcare app/myenv/lib/python3.13/site-packages/numpy/linalg/linalg.py first seen with mtime 1741412084.3052619
File /Users/mac/Desktop/healthcare app/myenv/lib/python3.13/site-packages/pytz/tzfile.py first seen with mtime 1741412083.904163
File /Users/mac/Desktop/healthcare app/myenv/lib/python3.13/site-packages/django/contrib/auth/forms.py first seen with mtime 1741430604.5585427
File /Users/mac/Desktop/healthcare app/myenv/lib/python3.13/site-packages/numpy/linalg/_linalg.py first seen with mtime 1741412084.305159
File /Users/mac/Desktop/healthcare app/myenv/lib/python3.13/site-packages/pandas/core/tools/__init__.py first seen with mtime 1741412089.1213145
File /Users/mac/Desktop/healthcare app/myenv/lib/python3.13/site-packages/numpy/linalg/__init__.py first seen with mtime 1741412084.3047318
File /Users/mac/Desktop/healthcare app/myenv/lib/python3.13/site-packages/scipy/fft/_basic.py first seen with mtime 1741412086.1208477
File /Users/mac/Desktop/healthcare app/myenv/lib/python3.13/site-packages/pandas/_libs/tslibs/conversion.cpython-313-darwin.so first seen with mtime 1741412089.3861585
File /Users/mac/Desktop/healthcare app/myenv/lib/python3.13/site-packages/matplotlib/bezier.py first seen with mtime 1741412091.8087897
File /Users/mac/Desktop/healthcare app/myenv/lib/python3.13/site-packages/rest_framework/settings.py first seen with mtime 1741700066.553292
File /Users/mac/Desktop/healthcare app/myenv/lib/python3.13/site-packages/numpy/f2py/__init__.py first seen with mtime 1741412084.3706098
File /Users/mac/Desktop/healthcare app/myenv/lib/python3.13/site-packages/pandas/_libs/missing.cpython-313-darwin.so first seen with mtime 1741412089.3804655
File /Users/mac/Desktop/healthcare app/myenv/lib/python3.13/site-packages/scipy/sparse/linalg/__init__.py first seen with mtime 1741412086.1366959
File /Users/mac/Desktop/healthcare app/myenv/lib/python3.13/site-packages/django/views/decorators/csrf.py first seen with mtime 1741430605.050784
File /Users/mac/Desktop/healthcare app/myenv/lib/python3.13/site-packages/seaborn/_compat.py first seen with mtime 1741412092.6596692
File /Users/mac/Desktop/healthcare app/myenv/lib/python3.13/site-packages/urllib3/_request_methods.py first seen with mtime 1741414831.683895
File /Library/Frameworks/Python.framework/Versions/3.13/lib/python3.13/lib-dynload/grp.cpython-313-darwin.so first seen with mtime 1728280561.0
File /Users/mac/Desktop/healthcare app/myenv/lib/python3.13/site-packages/django/contrib/staticfiles/utils.py first seen with mtime 1741430604.968793
File /Users/mac/Desktop/healthcare app/myenv/lib/python3.13/site-packages/twisted/python/components.py first seen with mtime 1746126557.1238787
File /Users/mac/Desktop/healthcare app/myenv/lib/python3.13/site-packages/django/contrib/staticfiles/apps.py first seen with mtime 1741430604.9680285
File /Users/mac/Desktop/healthcare app/myenv/lib/python3.13/site-packages/twisted/cred/credentials.py first seen with mtime 1746126557.071818
File /Users/mac/Desktop/healthcare app/myenv/lib/python3.13/site-packages/scipy/stats/_new_distributions.py first seen with mtime 1741412086.1978805
File /Users/mac/Desktop/healthcare app/myenv/lib/python3.13/site-packages/matplotlib/_version.py first seen with mtime 1741412091.8018754
File /Library/Frameworks/Python.framework/Versions/3.13/lib/python3.13/importlib/_abc.py first seen with mtime 1728279722.0
File /Users/mac/Desktop/healthcare app/myenv/lib/python3.13/site-packages/pandas/core/dtypes/cast.py first seen with mtime 1741412089.125827
File /Users/mac/Desktop/healthcare app/myenv/lib/python3.13/site-packages/PIL/GimpPaletteFile.py first seen with mtime 1741412084.1162064
File /Users/mac/Desktop/healthcare app/myenv/lib/python3.13/site-packages/scipy/ndimage/_morphology.py first seen with mtime 1741412085.904063
File /Users/mac/Desktop/healthcare app/myenv/lib/python3.13/site-packages/twisted/internet/_posixstdio.py first seen with mtime 1746126557.0753682
File /Users/mac/Desktop/healthcare app/myenv/lib/python3.13/site-packages/scipy/interpolate/_rgi_cython.cpython-313-darwin.so first seen with mtime 1741412086.1146142
File /Users/mac/Desktop/healthcare app/myenv/lib/python3.13/site-packages/django/db/models/lookups.py first seen with mtime 1741430605.0038729
File /Users/mac/Desktop/healthcare app/myenv/lib/python3.13/site-packages/pandas/_libs/properties.cpython-313-darwin.so first seen with mtime 1741412089.3613017
File /Users/mac/Desktop/healthcare app/myenv/lib/python3.13/site-packages/pandas/compat/numpy/__init__.py first seen with mtime 1741412089.1135726
File /Users/mac/Desktop/healthcare app/myenv/lib/python3.13/site-packages/scipy/interpolate/_pade.py first seen with mtime 1741412086.1139598
File /Users/mac/Desktop/healthcare app/myenv/lib/python3.13/site-packages/scipy/optimize/_direct_py.py first seen with mtime 1741412085.9397876
File /Users/mac/Desktop/healthcare app/myenv/lib/python3.13/site-packages/scipy/sparse/linalg/_interface.py first seen with mtime 1741412086.1362038
File /Users/mac/Desktop/healthcare app/myenv/lib/python3.13/site-packages/django/contrib/postgres/forms/array.py first seen with mtime 1741430604.8058653
File /Users/mac/Desktop/healthcare app/myenv/lib/python3.13/site-packages/scipy/stats/_binomtest.py first seen with mtime 1741412086.1983268
File /Users/mac/Desktop/healthcare app/myenv/lib/python3.13/site-packages/matplotlib/_layoutgrid.py first seen with mtime 1741412091.8352625
File /Users/mac/Desktop/healthcare app/myenv/lib/python3.13/site-packages/django/db/backends/base/client.py first seen with mtime 1741430604.9894767
File /Users/mac/Desktop/healthcare app/myenv/lib/python3.13/site-packages/scipy/fft/_pocketfft/pypocketfft.cpython-313-darwin.so first seen with mtime 1741412086.1243532
File /Users/mac/Desktop/healthcare app/myenv/lib/python3.13/site-packages/twisted/protocols/policies.py first seen with mtime 1746126557.119245
File /Users/mac/Desktop/healthcare app/myenv/lib/python3.13/site-packages/numpy/random/_pickle.py first seen with mtime 1741412084.409046
File /Users/mac/Desktop/healthcare app/myenv/lib/python3.13/site-packages/django/urls/converters.py first seen with mtime 1741430605.0365896
File /Users/mac/Desktop/healthcare app/myenv/lib/python3.13/site-packages/numpy/typing/__init__.py first seen with mtime 1741412084.349423
File /Users/mac/Desktop/healthcare app/myenv/lib/python3.13/site-packages/charset_normalizer/md.cpython-313-darwin.so first seen with mtime 1741414831.770569
File /Users/mac/Desktop/healthcare app/myenv/lib/python3.13/site-packages/rest_framework/utils/encoders.py first seen with mtime 1741700066.5878074
File /Users/mac/Desktop/healthcare app/myenv/lib/python3.13/site-packages/pyasn1/type/tagmap.py first seen with mtime 1746126556.652125
File /Users/mac/Desktop/healthcare app/myenv/lib/python3.13/site-packages/seaborn/miscplot.py first seen with mtime 1741412092.661562
File /Users/mac/Desktop/healthcare app/myenv/lib/python3.13/site-packages/django/core/checks/compatibility/__init__.py first seen with mtime 1741430604.9748356
File /Users/mac/Desktop/healthcare app/myenv/lib/python3.13/site-packages/plotly/utils.py first seen with mtime 1742030805.4250748
File /Users/mac/Desktop/healthcare app/myenv/lib/python3.13/site-packages/rest_framework/parsers.py first seen with mtime 1741700066.5519958
File /Users/mac/Desktop/healthcare app/myenv/lib/python3.13/site-packages/pandas/core/arrays/numpy_.py first seen with mtime 1741412089.1572561
File /Users/mac/Desktop/healthcare app/myenv/lib/python3.13/site-packages/click/utils.py first seen with mtime 1741413491.4153636
File /Users/mac/Desktop/healthcare app/myenv/lib/python3.13/site-packages/scipy/_lib/array_api_compat/numpy/linalg.py first seen with mtime 1741412086.0538433
File /Users/mac/Desktop/healthcare app/myenv/lib/python3.13/site-packages/scipy/optimize/_root.py first seen with mtime 1741412085.9322114
File /Users/mac/Desktop/healthcare app/myenv/lib/python3.13/site-packages/scipy/stats/_stats_py.py first seen with mtime 1741412086.1963775
File /Users/mac/Desktop/healthcare app/myenv/lib/python3.13/site-packages/django/db/transaction.py first seen with mtime 1741430604.987467
File /Users/mac/Desktop/healthcare app/myenv/lib/python3.13/site-packages/pandas/_libs/arrays.cpython-313-darwin.so first seen with mtime 1741412089.3829844
File /Library/Frameworks/Python.framework/Versions/3.13/lib/python3.13/mimetypes.py first seen with mtime 1728279722.0
File /Users/mac/Desktop/healthcare app/myenv/lib/python3.13/site-packages/django/contrib/contenttypes/__init__.py first seen with mtime 1741430604.609827
File /Users/mac/Desktop/healthcare app/myenv/lib/python3.13/site-packages/scipy/constants/_constants.py first seen with mtime 1741412085.9882784
File /Users/mac/Desktop/healthcare app/myenv/lib/python3.13/site-packages/scipy/stats/_fit.py first seen with mtime 1741412086.2091002
File /Users/mac/Desktop/healthcare app/myenv/lib/python3.13/site-packages/six.py first seen with mtime 1741412084.060636
File /Users/mac/Desktop/healthcare app/myenv/lib/python3.13/site-packages/dateutil/parser/__init__.py first seen with mtime 1741412087.9028962
File /Users/mac/Desktop/healthcare app/myenv/lib/python3.13/site-packages/scipy/integrate/_odepack.cpython-313-darwin.so first seen with mtime 1741412085.9802275
File /Users/mac/Desktop/healthcare app/myenv/lib/python3.13/site-packages/pandas/core/arrays/sparse/__init__.py first seen with mtime 1741412089.1616209
File /Library/Frameworks/Python.framework/Versions/3.13/lib/python3.13/email/mime/base.py first seen with mtime 1728279722.0
File /Users/mac/Desktop/healthcare app/myenv/lib/python3.13/site-packages/narwhals/expr_list.py first seen with mtime 1742030805.1944623
File /Users/mac/Desktop/healthcare app/myenv/lib/python3.13/site-packages/pandas/core/strings/accessor.py first seen with mtime 1741412089.1203523
File /Users/mac/Desktop/healthcare app/myenv/lib/python3.13/site-packages/django/core/mail/message.py first seen with mtime 1741430604.9794476
File /Users/mac/Desktop/healthcare app/myenv/lib/python3.13/site-packages/django/db/models/query_utils.py first seen with mtime 1741430605.0046299
File /Users/mac/Desktop/healthcare app/myenv/lib/python3.13/site-packages/django/forms/widgets.py first seen with mtime 1741430605.0117805
File /Users/mac/Desktop/healthcare app/myenv/lib/python3.13/site-packages/scipy/optimize/_trustregion_constr/equality_constrained_sqp.py first seen with mtime 1741412085.9767938
File /Users/mac/Desktop/healthcare app/myenv/lib/python3.13/site-packages/django/contrib/admindocs/__init__.py first seen with mtime 1741430604.5064855
File /Library/Frameworks/Python.framework/Versions/3.13/lib/python3.13/email/headerregistry.py first seen with mtime 1728279722.0
File /Users/mac/Desktop/healthcare app/myenv/lib/python3.13/site-packages/pandas/_testing/_io.py first seen with mtime 1741412089.353167
File /Users/mac/Desktop/healthcare app/myenv/lib/python3.13/site-packages/django/core/serializers/__init__.py first seen with mtime 1741430604.9861014
File /Library/Frameworks/Python.framework/Versions/3.13/lib/python3.13/asyncio/streams.py first seen with mtime 1728279722.0
File /Users/mac/Desktop/healthcare app/myenv/lib/python3.13/site-packages/requests/cookies.py first seen with mtime 1741414831.792786
File /Users/mac/Desktop/healthcare app/myenv/lib/python3.13/site-packages/matplotlib/_mathtext_data.py first seen with mtime 1741412091.8213232
File /Users/mac/Desktop/healthcare app/myenv/lib/python3.13/site-packages/django/core/checks/compatibility/django_4_0.py first seen with mtime 1741430604.9750605
File /Users/mac/Desktop/healthcare app/myenv/lib/python3.13/site-packages/pandas/core/shared_docs.py first seen with mtime 1741412089.1175208
File /Users/mac/Desktop/healthcare app/myenv/lib/python3.13/site-packages/pandas/io/stata.py first seen with mtime 1741412089.1701214
File /Users/mac/Desktop/healthcare app/myenv/lib/python3.13/site-packages/scipy/sparse/__init__.py first seen with mtime 1741412086.1329284
File /Users/mac/Desktop/healthcare app/myenv/lib/python3.13/site-packages/pandas/compat/__init__.py first seen with mtime 1741412089.113137
File /Users/mac/Desktop/healthcare app/myenv/lib/python3.13/site-packages/django/templatetags/static.py first seen with mtime 1741430605.0334957
File /Users/mac/Desktop/healthcare app/myenv/lib/python3.13/site-packages/pandas/_libs/lib.cpython-313-darwin.so first seen with mtime 1741412089.3593113
File /Users/mac/Desktop/healthcare app/myenv/lib/python3.13/site-packages/matplotlib/axes/__init__.py first seen with mtime 1741412091.8409116
File /Users/mac/Desktop/healthcare app/myenv/lib/python3.13/site-packages/pandas/core/interchange/dataframe_protocol.py first seen with mtime 1741412089.1246183
File /Users/mac/Desktop/healthcare app/myenv/lib/python3.13/site-packages/scipy/linalg/_expm_frechet.py first seen with mtime 1741412085.9177792
File /Users/mac/Desktop/healthcare app/myenv/lib/python3.13/site-packages/cryptography/x509/verification.py first seen with mtime 1746126558.7697043
File /Library/Frameworks/Python.framework/Versions/3.13/lib/python3.13/asyncio/selector_events.py first seen with mtime 1728279722.0
File /Users/mac/Desktop/healthcare app/myenv/lib/python3.13/site-packages/pygments/filters/__init__.py first seen with mtime 1741412251.830894
File /Users/mac/Desktop/healthcare app/myenv/lib/python3.13/site-packages/narwhals/series.py first seen with mtime 1742030805.1958096
File /Users/mac/Desktop/healthcare app/myenv/lib/python3.13/site-packages/django/db/backends/base/features.py first seen with mtime 1741430604.989724
File /Library/Frameworks/Python.framework/Versions/3.13/lib/python3.13/email/mime/multipart.py first seen with mtime 1728279722.0
File /Library/Frameworks/Python.framework/Versions/3.13/lib/python3.13/quopri.py first seen with mtime 1728279722.0
File /Users/mac/Desktop/healthcare app/myenv/lib/python3.13/site-packages/pandas/_testing/asserters.py first seen with mtime 1741412089.353649
File /Library/Frameworks/Python.framework/Versions/3.13/lib/python3.13/email/_policybase.py first seen with mtime 1728279722.0
File /Users/mac/Desktop/healthcare app/myenv/lib/python3.13/site-packages/pandas/io/json/_table_schema.py first seen with mtime 1741412089.1768703
File /Users/mac/Desktop/healthcare app/myenv/lib/python3.13/site-packages/numpy/lib/__init__.py first seen with mtime 1741412084.3939679
File /Library/Frameworks/Python.framework/Versions/3.13/lib/python3.13/encodings/idna.py first seen with mtime 1728279722.0
File /Users/mac/Desktop/healthcare app/myenv/lib/python3.13/site-packages/scipy/ndimage/__init__.py first seen with mtime 1741412085.9007945
File /Users/mac/Desktop/healthcare app/myenv/lib/python3.13/site-packages/pytz/lazy.py first seen with mtime 1741412083.9038484
File /Users/mac/Desktop/healthcare app/myenv/lib/python3.13/site-packages/twisted/python/threadable.py first seen with mtime 1746126557.1271503
File /Users/mac/Desktop/healthcare app/myenv/lib/python3.13/site-packages/django/template/loaders/app_directories.py first seen with mtime 1741430605.031853
File /Users/mac/Desktop/healthcare app/myenv/lib/python3.13/site-packages/scipy/constants/_codata.py first seen with mtime 1741412085.9889293
File /Users/mac/Desktop/healthcare app/myenv/lib/python3.13/site-packages/scipy/optimize/_basinhopping.py first seen with mtime 1741412085.9356756
File /Users/mac/Desktop/healthcare app/myenv/lib/python3.13/site-packages/scipy/optimize/_trustregion_constr/projections.py first seen with mtime 1741412085.9776514
File /Users/mac/Desktop/healthcare app/myenv/lib/python3.13/site-packages/sqlparse/engine/statement_splitter.py first seen with mtime 1741430604.2905173
File /Users/mac/Desktop/healthcare app/myenv/lib/python3.13/site-packages/django/db/models/fields/files.py first seen with mtime 1741430605.0058377
File /Users/mac/Desktop/healthcare app/myenv/lib/python3.13/site-packages/_plotly_utils/colors/__init__.py first seen with mtime 1742030805.4210472
File /Users/mac/Desktop/healthcare app/myenv/lib/python3.13/site-packages/seaborn/_stats/__init__.py first seen with mtime 1741412092.6691215
File /Users/mac/Desktop/healthcare app/myenv/lib/python3.13/site-packages/numpy/lib/_ufunclike_impl.py first seen with mtime 1741412084.3966684
File /Users/mac/Desktop/healthcare app/myenv/lib/python3.13/site-packages/django/utils/numberformat.py first seen with mtime 1741430605.0455515
File /Users/mac/Desktop/healthcare app/myenv/lib/python3.13/site-packages/django/db/models/fields/reverse_related.py first seen with mtime 1741430605.0071754
File /Users/mac/Desktop/healthcare app/myenv/lib/python3.13/site-packages/autobahn/wamp/protocol.py first seen with mtime 1746126558.9761229
File /Users/mac/Desktop/healthcare app/myenv/lib/python3.13/site-packages/seaborn/colors/crayons.py first seen with mtime 1741412092.6700768
File /Users/mac/Desktop/healthcare app/myenv/lib/python3.13/site-packages/matplotlib/_path.cpython-313-darwin.so first seen with mtime 1741412091.8270278
File /Users/mac/Desktop/healthcare app/myenv/lib/python3.13/site-packages/scipy/stats/_binned_statistic.py first seen with mtime 1741412086.1947846
File /Users/mac/Desktop/healthcare app/myenv/lib/python3.13/site-packages/django/contrib/auth/tokens.py first seen with mtime 1741430604.5596516
File /Users/mac/Desktop/healthcare app/myenv/lib/python3.13/site-packages/scipy/interpolate/_interpnd.cpython-313-darwin.so first seen with mtime 1741412086.115914
File /Users/mac/Desktop/healthcare app/myenv/lib/python3.13/site-packages/autobahn/twisted/wamp.py first seen with mtime 1746126558.9713125
File /Users/mac/Desktop/healthcare app/myenv/lib/python3.13/site-packages/django/template/backends/base.py first seen with mtime 1741430605.0310774
File /Users/mac/Desktop/healthcare app/myenv/lib/python3.13/site-packages/_plotly_utils/optional_imports.py first seen with mtime 1742030805.4200716
File /Users/mac/Desktop/healthcare app/myenv/lib/python3.13/site-packages/scipy/optimize/_bglu_dense.cpython-313-darwin.so first seen with mtime 1741412085.9311678
File /Users/mac/Desktop/healthcare app/myenv/lib/python3.13/site-packages/pandas/core/indexes/datetimes.py first seen with mtime 1741412089.1638706
File /Library/Frameworks/Python.framework/Versions/3.13/lib/python3.13/sysconfig/__init__.py first seen with mtime 1728279722.0
File /Users/mac/Desktop/healthcare app/myenv/lib/python3.13/site-packages/pandas/core/indexes/datetimelike.py first seen with mtime 1741412089.165135
File /Users/mac/Desktop/healthcare app/myenv/lib/python3.13/site-packages/django/contrib/admin/views/autocomplete.py first seen with mtime 1741430604.506165
File /Users/mac/Desktop/healthcare app/myenv/lib/python3.13/site-packages/pandas/core/array_algos/datetimelike_accumulations.py first seen with mtime 1741412089.1237636
File /Users/mac/Desktop/healthcare app/myenv/lib/python3.13/site-packages/django/db/backends/sqlite3/creation.py first seen with mtime 1741430604.9977386
File /Users/mac/Desktop/healthcare app/myenv/lib/python3.13/site-packages/attr/_make.py first seen with mtime 1746126556.7661152
File /Users/mac/Desktop/healthcare app/myenv/lib/python3.13/site-packages/rest_framework/utils/humanize_datetime.py first seen with mtime 1741700066.5882287
File /Users/mac/Desktop/healthcare app/myenv/lib/python3.13/site-packages/pandas/io/excel/_base.py first seen with mtime 1741412089.1748202
File /Users/mac/Desktop/healthcare app/myenv/lib/python3.13/site-packages/urllib3/fields.py first seen with mtime 1741414831.6849325
File /Users/mac/Desktop/healthcare app/myenv/lib/python3.13/site-packages/matplotlib/lines.py first seen with mtime 1741412091.8202808
File /Users/mac/Desktop/healthcare app/myenv/lib/python3.13/site-packages/pandas/errors/__init__.py first seen with mtime 1741412089.4021072
File /Users/mac/Desktop/healthcare app/myenv/lib/python3.13/site-packages/pygments/formatters/html.py first seen with mtime 1741412251.8318877
File /Users/mac/Desktop/healthcare app/myenv/lib/python3.13/site-packages/django/db/backends/base/introspection.py first seen with mtime 1741430604.989953
File /Users/mac/Desktop/healthcare app/myenv/lib/python3.13/site-packages/scipy/optimize/_slsqp_py.py first seen with mtime 1741412085.935906
File /Users/mac/Desktop/healthcare app/myenv/lib/python3.13/site-packages/scipy/_lib/decorator.py first seen with mtime 1741412086.0474699
File /Users/mac/Desktop/healthcare app/myenv/lib/python3.13/site-packages/django/db/models/enums.py first seen with mtime 1741430605.0032032
File /Users/mac/Desktop/healthcare app/myenv/lib/python3.13/site-packages/twisted/logger/_json.py first seen with mtime 1746126557.0948327
File /Users/mac/Desktop/healthcare app/myenv/lib/python3.13/site-packages/django/contrib/auth/views.py first seen with mtime 1741430604.55993
File /Users/mac/Desktop/healthcare app/myenv/lib/python3.13/site-packages/django/core/files/__init__.py first seen with mtime 1741430604.9757478
File /Users/mac/Desktop/healthcare app/myenv/lib/python3.13/site-packages/mpl_toolkits/mplot3d/axes3d.py first seen with mtime 1741412091.7829542
File /Library/Frameworks/Python.framework/Versions/3.13/lib/python3.13/multiprocessing/process.py first seen with mtime 1728279722.0
File /Users/mac/Desktop/healthcare app/myenv/lib/python3.13/site-packages/cryptography/hazmat/decrepit/ciphers/__init__.py first seen with mtime 1746126558.7402136
File /Users/mac/Desktop/healthcare app/myenv/lib/python3.13/site-packages/django/db/backends/signals.py first seen with mtime 1741430604.988098
File /Users/mac/Desktop/healthcare app/myenv/lib/python3.13/site-packages/matplotlib/image.py first seen with mtime 1741412091.8358202
File /Users/mac/Desktop/healthcare app/myenv/lib/python3.13/site-packages/rest_framework/schemas/coreapi.py first seen with mtime 1741700066.571223
File /Users/mac/Desktop/healthcare app/myenv/lib/python3.13/site-packages/packaging/_structures.py first seen with mtime 1741412084.2695675
File /Users/mac/Desktop/healthcare app/myenv/lib/python3.13/site-packages/scipy/sparse/linalg/_eigen/arpack/arpack.py first seen with mtime 1741412086.1421156
File /Users/mac/Desktop/healthcare app/myenv/lib/python3.13/site-packages/scipy/_lib/_elementwise_iterative_method.py first seen with mtime 1741412086.0488312
File /Library/Frameworks/Python.framework/Versions/3.13/lib/python3.13/asyncio/timeouts.py first seen with mtime 1728279722.0
File /Users/mac/Desktop/healthcare app/myenv/lib/python3.13/site-packages/hyperlink/__init__.py first seen with mtime 1746126556.6939116
File /Users/mac/Desktop/healthcare app/myenv/lib/python3.13/site-packages/seaborn/axisgrid.py first seen with mtime 1741412092.6605723
File /Library/Frameworks/Python.framework/Versions/3.13/lib/python3.13/xml/parsers/expat.py first seen with mtime 1728279722.0
File /Users/mac/Desktop/healthcare app/myenv/lib/python3.13/site-packages/scipy/optimize/_trustregion_ncg.py first seen with mtime 1741412085.9343312
File /Users/mac/Desktop/healthcare app/myenv/lib/python3.13/site-packages/service_identity/exceptions.py first seen with mtime 1746126558.9180994
File /Users/mac/Desktop/healthcare app/myenv/lib/python3.13/site-packages/cryptography/hazmat/primitives/hashes.py first seen with mtime 1746126558.7565317
File /Users/mac/Desktop/healthcare app/myenv/lib/python3.13/site-packages/twisted/internet/abstract.py first seen with mtime 1746126557.0766385
File /Library/Frameworks/Python.framework/Versions/3.13/lib/python3.13/lib-dynload/_hashlib.cpython-313-darwin.so first seen with mtime 1728280552.0
File /Users/mac/Desktop/healthcare app/myenv/lib/python3.13/site-packages/service_identity/pyopenssl.py first seen with mtime 1746126558.9185226
File /Users/mac/Desktop/healthcare app/myenv/lib/python3.13/site-packages/scipy/stats/_wilcoxon.py first seen with mtime 1741412086.1958706
File /Users/mac/Desktop/healthcare app/myenv/lib/python3.13/site-packages/scipy/constants/codata.py first seen with mtime 1741412085.989035
File /Library/Frameworks/Python.framework/Versions/3.13/lib/python3.13/lib-dynload/select.cpython-313-darwin.so first seen with mtime 1728280562.0
File /Users/mac/Desktop/healthcare app/myenv/lib/python3.13/site-packages/twisted/internet/base.py first seen with mtime 1746126557.077064
File /Users/mac/Desktop/healthcare app/myenv/lib/python3.13/site-packages/pandas/core/reshape/tile.py first seen with mtime 1741412089.1190836
File /Users/mac/Desktop/healthcare app/myenv/lib/python3.13/site-packages/scipy/interpolate/_interpolate.py first seen with mtime 1741412086.1141176
File /Users/mac/Desktop/healthcare app/myenv/lib/python3.13/site-packages/django/utils/dates.py first seen with mtime 1741430605.0407295
File /Library/Frameworks/Python.framework/Versions/3.13/lib/python3.13/hmac.py first seen with mtime 1728279722.0
File /Users/mac/Desktop/healthcare app/myenv/lib/python3.13/site-packages/numpy/polynomial/hermite.py first seen with mtime 1741412084.4253151
File /Users/mac/Desktop/healthcare app/myenv/lib/python3.13/site-packages/django/contrib/postgres/forms/hstore.py first seen with mtime 1741430604.806217
File /Users/mac/Desktop/healthcare app/myenv/lib/python3.13/site-packages/dateutil/tz/__init__.py first seen with mtime 1741412087.9038599
File /Users/mac/Desktop/healthcare app/myenv/lib/python3.13/site-packages/scipy/sparse/_sparsetools.cpython-313-darwin.so first seen with mtime 1741412086.131509
File /Users/mac/Desktop/healthcare app/myenv/lib/python3.13/site-packages/django/db/models/sql/constants.py first seen with mtime 1741430605.008649
File /Users/mac/Desktop/healthcare app/myenv/lib/python3.13/site-packages/narwhals/selectors.py first seen with mtime 1742030805.1956558
File /Users/mac/Desktop/healthcare app/myenv/lib/python3.13/site-packages/cryptography/x509/certificate_transparency.py first seen with mtime 1746126558.772195
File /Users/mac/Desktop/healthcare app/myenv/lib/python3.13/site-packages/scipy/integrate/_ivp/common.py first seen with mtime 1741412085.9869344
File /Users/mac/Desktop/healthcare app/myenv/lib/python3.13/site-packages/asgiref/local.py first seen with mtime 1741430604.3121362
File /Users/mac/Desktop/healthcare app/myenv/lib/python3.13/site-packages/_plotly_utils/colors/cyclical.py first seen with mtime 1742030805.4218779
File /Users/mac/Desktop/healthcare app/myenv/lib/python3.13/site-packages/django/core/files/storage/base.py first seen with mtime 1741430604.9775586
File /Users/mac/Desktop/healthcare app/myenv/lib/python3.13/site-packages/django/db/backends/base/creation.py first seen with mtime 1741430604.9896028
File /Library/Frameworks/Python.framework/Versions/3.13/lib/python3.13/_strptime.py first seen with mtime 1728279722.0
File /Users/mac/Desktop/healthcare app/myenv/lib/python3.13/site-packages/django/template/defaultfilters.py first seen with mtime 1741430605.0292795
File /Users/mac/Desktop/healthcare app/myenv/lib/python3.13/site-packages/pandas/io/excel/_odfreader.py first seen with mtime 1741412089.1760798
File /Users/mac/Desktop/healthcare app/myenv/lib/python3.13/site-packages/scipy/stats/_stats_mstats_common.py first seen with mtime 1741412086.1971364
File /Users/mac/Desktop/healthcare app/myenv/lib/python3.13/site-packages/django/contrib/auth/validators.py first seen with mtime 1741430604.559823
File /Users/mac/Desktop/healthcare app/myenv/lib/python3.13/site-packages/attr/__init__.py first seen with mtime 1746126556.7646847
File /Library/Frameworks/Python.framework/Versions/3.13/lib/python3.13/email/_header_value_parser.py first seen with mtime 1728279722.0
File /Users/mac/Desktop/healthcare app/myenv/lib/python3.13/site-packages/scipy/spatial/_qhull.cpython-313-darwin.so first seen with mtime 1741412086.1688437
File /Library/Frameworks/Python.framework/Versions/3.13/lib/python3.13/_markupbase.py first seen with mtime 1728279722.0
File /Users/mac/Desktop/healthcare app/myenv/lib/python3.13/site-packages/cryptography/hazmat/primitives/serialization/base.py first seen with mtime 1746126558.7491963
File /Users/mac/Desktop/healthcare app/myenv/lib/python3.13/site-packages/scipy/optimize/_linprog_rs.py first seen with mtime 1741412085.931618
File /Users/mac/Desktop/healthcare app/myenv/lib/python3.13/site-packages/pandas/core/arrays/__init__.py first seen with mtime 1741412089.1571484
File /Users/mac/Desktop/healthcare app/myenv/lib/python3.13/site-packages/django/db/backends/__init__.py first seen with mtime 1741430604.9878407
File /Users/mac/Desktop/healthcare app/myenv/lib/python3.13/site-packages/scipy/optimize/_pava_pybind.cpython-313-darwin.so first seen with mtime 1741412085.938292
File /Users/mac/Desktop/healthcare app/myenv/lib/python3.13/site-packages/scipy/ndimage/_ndimage_api.py first seen with mtime 1741412085.90334
File /Users/mac/Desktop/healthcare app/myenv/lib/python3.13/site-packages/django/db/models/sql/datastructures.py first seen with mtime 1741430605.0087948
File /Users/mac/Desktop/healthcare app/myenv/lib/python3.13/site-packages/seaborn/_core/typing.py first seen with mtime 1741412092.6680405
File /Library/Frameworks/Python.framework/Versions/3.13/lib/python3.13/gzip.py first seen with mtime 1728279722.0
File /Library/Frameworks/Python.framework/Versions/3.13/lib/python3.13/lib-dynload/_queue.cpython-313-darwin.so first seen with mtime 1728280555.0
File /Users/mac/Desktop/healthcare app/myenv/lib/python3.13/site-packages/pygments/styles/_mapping.py first seen with mtime 1741412251.876064
File /Users/mac/Desktop/healthcare app/myenv/lib/python3.13/site-packages/numpy/random/bit_generator.cpython-313-darwin.so first seen with mtime 1741412084.4097183
File /Library/Frameworks/Python.framework/Versions/3.13/lib/python3.13/urllib/request.py first seen with mtime 1728279722.0
File /Users/mac/Desktop/healthcare app/myenv/lib/python3.13/site-packages/scipy/optimize/_linprog_doc.py first seen with mtime 1741412085.9340308
File /Users/mac/Desktop/healthcare app/myenv/lib/python3.13/site-packages/scipy/_lib/array_api_compat/numpy/_info.py first seen with mtime 1741412086.0534396
File /Users/mac/Desktop/healthcare app/myenv/lib/python3.13/site-packages/pygments/filter.py first seen with mtime 1741412251.8289263
File /Library/Frameworks/Python.framework/Versions/3.13/lib/python3.13/tokenize.py first seen with mtime 1728279722.0
File /Users/mac/Desktop/healthcare app/myenv/lib/python3.13/site-packages/scipy/sparse/linalg/_onenormest.py first seen with mtime 1741412086.137638
File /Users/mac/Desktop/healthcare app/myenv/lib/python3.13/site-packages/autobahn/twisted/websocket.py first seen with mtime 1746126558.9714572
File /Users/mac/Desktop/healthcare app/myenv/lib/python3.13/site-packages/matplotlib/axes/_secondary_axes.py first seen with mtime 1741412091.84128
File /Users/mac/Desktop/healthcare app/myenv/lib/python3.13/site-packages/autobahn/wamp/uri.py first seen with mtime 1746126558.9771314
File /Library/Frameworks/Python.framework/Versions/3.13/lib/python3.13/lib-dynload/_contextvars.cpython-313-darwin.so first seen with mtime 1728280550.0
File /Users/mac/Desktop/healthcare app/myenv/lib/python3.13/site-packages/django/utils/inspect.py first seen with mtime 1741430605.0433338
File /Users/mac/Desktop/healthcare app/myenv/lib/python3.13/site-packages/scipy/sparse/linalg/matfuncs.py first seen with mtime 1741412086.1362958
File /Users/mac/Desktop/healthcare app/myenv/lib/python3.13/site-packages/txaio/_util.py first seen with mtime 1746126556.0594459
File /Users/mac/Desktop/healthcare app/myenv/lib/python3.13/site-packages/cryptography/x509/base.py first seen with mtime 1746126558.771927
File /Users/mac/Desktop/healthcare app/myenv/lib/python3.13/site-packages/scipy/special/_ufuncs.cpython-313-darwin.so first seen with mtime 1741412086.062671
File /Users/mac/Desktop/healthcare app/myenv/lib/python3.13/site-packages/django/http/request.py first seen with mtime 1741430605.027001
File /Users/mac/Desktop/healthcare app/myenv/lib/python3.13/site-packages/click/globals.py first seen with mtime 1741413491.4145672
File /Library/Frameworks/Python.framework/Versions/3.13/lib/python3.13/importlib/metadata/__init__.py first seen with mtime 1728279722.0
File /Users/mac/Desktop/healthcare app/myenv/lib/python3.13/site-packages/scipy/optimize/_trlib/__init__.py first seen with mtime 1741412085.9426503
File /Users/mac/Desktop/healthcare app/myenv/lib/python3.13/site-packages/pandas/core/groupby/grouper.py first seen with mtime 1741412089.128085
File /Users/mac/Desktop/healthcare app/myenv/lib/python3.13/site-packages/scipy/linalg/_matfuncs_expm.cpython-313-darwin.so first seen with mtime 1741412085.9180002
File /Library/Frameworks/Python.framework/Versions/3.13/lib/python3.13/email/mime/message.py first seen with mtime 1728279722.0
File /Library/Frameworks/Python.framework/Versions/3.13/lib/python3.13/importlib/resources/_adapters.py first seen with mtime 1728279722.0
File /Users/mac/Desktop/healthcare app/myenv/lib/python3.13/site-packages/scipy/ndimage/_fourier.py first seen with mtime 1741412085.903597
File /Users/mac/Desktop/healthcare app/myenv/lib/python3.13/site-packages/requests/auth.py first seen with mtime 1741414831.7923667
File /Users/mac/Desktop/healthcare app/myenv/lib/python3.13/site-packages/django/core/files/move.py first seen with mtime 1741430604.9764748
File /Users/mac/Desktop/healthcare app/myenv/lib/python3.13/site-packages/django/conf/__init__.py first seen with mtime 1741430604.3377254
File /Library/Frameworks/Python.framework/Versions/3.13/lib/python3.13/email/contentmanager.py first seen with mtime 1728279722.0
File /Users/mac/Desktop/healthcare app/myenv/lib/python3.13/site-packages/urllib3/connection.py first seen with mtime 1741414831.6842918
File /Library/Frameworks/Python.framework/Versions/3.13/lib/python3.13/re/_parser.py first seen with mtime 1728279722.0
File /Users/mac/Desktop/healthcare app/myenv/lib/python3.13/site-packages/pandas/core/arrays/_ranges.py first seen with mtime 1741412089.1574516
File /Users/mac/Desktop/healthcare app/myenv/lib/python3.13/site-packages/mpl_toolkits/mplot3d/__init__.py first seen with mtime 1741412091.7826877
File /Users/mac/Desktop/healthcare app/myenv/lib/python3.13/site-packages/pandas/core/arrays/masked.py first seen with mtime 1741412089.158136
File /Users/mac/Desktop/healthcare app/myenv/lib/python3.13/site-packages/pandas/_libs/sparse.cpython-313-darwin.so first seen with mtime 1741412089.3825564
File /Users/mac/Desktop/healthcare app/myenv/lib/python3.13/site-packages/scipy/optimize/_shgo.py first seen with mtime 1741412085.9329338
File /Users/mac/Desktop/healthcare app/myenv/lib/python3.13/site-packages/matplotlib/tri/_trifinder.py first seen with mtime 1741412091.8377528
File /Users/mac/Desktop/healthcare app/myenv/lib/python3.13/site-packages/PIL/TiffTags.py first seen with mtime 1741412084.1269171
File /Users/mac/Desktop/healthcare app/myenv/lib/python3.13/site-packages/_plotly_utils/colors/diverging.py first seen with mtime 1742030805.4219713
File /Users/mac/Desktop/healthcare app/myenv/lib/python3.13/site-packages/scipy/optimize/_lbfgsb_py.py first seen with mtime 1741412085.9350312
File /Users/mac/Desktop/healthcare app/myenv/lib/python3.13/site-packages/django/utils/translation/trans_real.py first seen with mtime 1741430605.0492272
File /Users/mac/Desktop/healthcare app/myenv/lib/python3.13/site-packages/django/contrib/postgres/__init__.py first seen with mtime 1741430604.8025386
File /Users/mac/Desktop/healthcare app/myenv/lib/python3.13/site-packages/django/conf/urls/static.py first seen with mtime 1741430604.3986032
File /Users/mac/Desktop/healthcare app/myenv/lib/python3.13/site-packages/django/contrib/postgres/lookups.py first seen with mtime 1741430604.8036075
File /Users/mac/Desktop/healthcare app/myenv/lib/python3.13/site-packages/narwhals/series_struct.py first seen with mtime 1742030805.1963992
File /Users/mac/Desktop/healthcare app/myenv/lib/python3.13/site-packages/channels/apps.py first seen with mtime 1746125427.8452692
File /Users/mac/Desktop/healthcare app/myenv/lib/python3.13/site-packages/scipy/optimize/_cobyla_py.py first seen with mtime 1741412085.9327738
File /Users/mac/Desktop/healthcare app/myenv/lib/python3.13/site-packages/cryptography/hazmat/_oid.py first seen with mtime 1746126558.7570775
File /Users/mac/Desktop/healthcare app/myenv/lib/python3.13/site-packages/pandas/util/_exceptions.py first seen with mtime 1741412089.16726
File /Users/mac/Desktop/healthcare app/myenv/lib/python3.13/site-packages/pandas/core/array_algos/replace.py first seen with mtime 1741412089.1240697
File /Users/mac/Desktop/healthcare app/myenv/lib/python3.13/site-packages/django/db/models/functions/math.py first seen with mtime 1741430605.0078814
File /Users/mac/Desktop/healthcare app/myenv/lib/python3.13/site-packages/django/views/static.py first seen with mtime 1741430605.050202
File /Users/mac/Desktop/healthcare app/myenv/lib/python3.13/site-packages/scipy/optimize/_milp.py first seen with mtime 1741412085.933831
File /Library/Frameworks/Python.framework/Versions/3.13/lib/python3.13/warnings.py first seen with mtime 1728279722.0
File /Users/mac/Desktop/healthcare app/myenv/lib/python3.13/site-packages/django/http/cookie.py first seen with mtime 1741430605.0267437
File /Users/mac/Desktop/healthcare app/myenv/lib/python3.13/site-packages/numpy/f2py/auxfuncs.py first seen with mtime 1741412084.372127
File /Users/mac/Desktop/healthcare app/myenv/lib/python3.13/site-packages/pandas/core/arraylike.py first seen with mtime 1741412089.1148777
File /Library/Frameworks/Python.framework/Versions/3.13/lib/python3.13/ctypes/_endian.py first seen with mtime 1728279722.0
File /Users/mac/Desktop/healthcare app/myenv/lib/python3.13/site-packages/django/conf/locale/__init__.py first seen with mtime 1741430604.338605
File /Users/mac/Desktop/healthcare app/myenv/lib/python3.13/site-packages/django/__init__.py first seen with mtime 1741430604.336857
File /Users/mac/Desktop/healthcare app/myenv/lib/python3.13/site-packages/pandas/_libs/tslibs/parsing.cpython-313-darwin.so first seen with mtime 1741412089.3920872
File /Users/mac/Desktop/healthcare app/myenv/lib/python3.13/site-packages/click/core.py first seen with mtime 1741413491.4139683
File /Users/mac/Desktop/healthcare app/myenv/lib/python3.13/site-packages/attr/_compat.py first seen with mtime 1746126556.7654321
File /Users/mac/Desktop/healthcare app/myenv/lib/python3.13/site-packages/matplotlib/_pylab_helpers.py first seen with mtime 1741412091.8304179
File /Users/mac/Desktop/healthcare app/myenv/lib/python3.13/site-packages/django/views/debug.py first seen with mtime 1741430605.0496812
File /Users/mac/Desktop/healthcare app/myenv/lib/python3.13/site-packages/pandas/core/indexes/extension.py first seen with mtime 1741412089.1649523
File /Users/mac/Desktop/healthcare app/myenv/lib/python3.13/site-packages/twisted/python/__init__.py first seen with mtime 1746126557.1224093
File /Users/mac/Desktop/healthcare app/myenv/lib/python3.13/site-packages/pandas/core/window/ewm.py first seen with mtime 1741412089.1477363
File /Users/mac/Desktop/healthcare app/myenv/lib/python3.13/site-packages/scipy/stats/_axis_nan_policy.py first seen with mtime 1741412086.208077
File /Users/mac/Desktop/healthcare app/myenv/lib/python3.13/site-packages/django/core/checks/caches.py first seen with mtime 1741430604.9735801
File /Users/mac/Desktop/healthcare app/myenv/lib/python3.13/site-packages/matplotlib/streamplot.py first seen with mtime 1741412091.8367558
File /Users/mac/Desktop/healthcare app/myenv/lib/python3.13/site-packages/scipy/sparse/base.py first seen with mtime 1741412086.1352408
File /Users/mac/Desktop/healthcare app/myenv/lib/python3.13/site-packages/matplotlib/path.py first seen with mtime 1741412091.8349116
File /Users/mac/Desktop/healthcare app/myenv/lib/python3.13/site-packages/autobahn/wamp/request.py first seen with mtime 1746126558.976304
File /Library/Frameworks/Python.framework/Versions/3.13/lib/python3.13/textwrap.py first seen with mtime 1728279722.0
File /Users/mac/Desktop/healthcare app/myenv/lib/python3.13/site-packages/scipy/optimize/_lsq/trf_linear.py first seen with mtime 1741412085.9752998
File /Users/mac/Desktop/healthcare app/myenv/lib/python3.13/site-packages/django/db/models/functions/mixins.py first seen with mtime 1741430605.007993
File /Users/mac/Desktop/healthcare app/myenv/lib/python3.13/site-packages/numpy/lib/_datasource.py first seen with mtime 1741412084.398329
File /Users/mac/Desktop/healthcare app/myenv/lib/python3.13/site-packages/django/contrib/__init__.py first seen with mtime 1741430604.3987067
File /Users/mac/Desktop/healthcare app/myenv/lib/python3.13/site-packages/twisted/logger/_flatten.py first seen with mtime 1746126557.0941985
File /Users/mac/Desktop/healthcare app/myenv/lib/python3.13/site-packages/django/db/models/sql/subqueries.py first seen with mtime 1741430605.0093496
File /Users/mac/Desktop/healthcare app/myenv/lib/python3.13/site-packages/django/dispatch/dispatcher.py first seen with mtime 1741430605.0099669
File /Library/Frameworks/Python.framework/Versions/3.13/lib/python3.13/asyncio/base_events.py first seen with mtime 1728279722.0
File /Library/Frameworks/Python.framework/Versions/3.13/lib/python3.13/importlib/resources/_functional.py first seen with mtime 1728279722.0
File /Users/mac/Desktop/healthcare app/myenv/lib/python3.13/site-packages/numpy/random/_sfc64.cpython-313-darwin.so first seen with mtime 1741412084.4157498
File /Users/mac/Desktop/healthcare app/myenv/lib/python3.13/site-packages/pandas/core/reshape/melt.py first seen with mtime 1741412089.1199877
File /Users/mac/Desktop/healthcare app/myenv/lib/python3.13/site-packages/asgiref/sync.py first seen with mtime 1741430604.3125176
File /Users/mac/Desktop/healthcare app/myenv/lib/python3.13/site-packages/twisted/web/_abnf.py first seen with mtime 1746126557.1656022
File /Users/mac/Desktop/healthcare app/myenv/lib/python3.13/site-packages/txaio/_version.py first seen with mtime 1746126556.059608
File /Library/Frameworks/Python.framework/Versions/3.13/lib/python3.13/asyncio/events.py first seen with mtime 1728279722.0
File /Library/Frameworks/Python.framework/Versions/3.13/lib/python3.13/re/_constants.py first seen with mtime 1728279722.0
File /Users/mac/Desktop/healthcare app/myenv/lib/python3.13/site-packages/numpy/_typing/__init__.py first seen with mtime 1741412084.346076
File /Users/mac/Desktop/healthcare app/myenv/lib/python3.13/site-packages/matplotlib/projections/geo.py first seen with mtime 1741412091.8705907
File /Users/mac/Desktop/healthcare app/myenv/lib/python3.13/site-packages/urllib3/http2/__init__.py first seen with mtime 1741414831.686803
File /Users/mac/Desktop/healthcare app/myenv/lib/python3.13/site-packages/numpy/testing/__init__.py first seen with mtime 1741412084.3885965
File /Users/mac/Desktop/healthcare app/myenv/lib/python3.13/site-packages/pandas/compat/pyarrow.py first seen with mtime 1741412089.1129262
File /Library/Frameworks/Python.framework/Versions/3.13/lib/python3.13/pkgutil.py first seen with mtime 1728279722.0
File /Users/mac/Desktop/healthcare app/myenv/lib/python3.13/site-packages/sqlparse/sql.py first seen with mtime 1741430604.2898202
File /Users/mac/Desktop/healthcare app/myenv/lib/python3.13/site-packages/scipy/sparse/_csparsetools.cpython-313-darwin.so first seen with mtime 1741412086.1342866
File /Users/mac/Desktop/healthcare app/myenv/lib/python3.13/site-packages/pandas/core/ops/common.py first seen with mtime 1741412089.1628761
File /Library/Frameworks/Python.framework/Versions/3.13/lib/python3.13/ssl.py first seen with mtime 1728279722.0
File /Users/mac/Desktop/healthcare app/myenv/lib/python3.13/site-packages/pandas/_libs/tslibs/offsets.cpython-313-darwin.so first seen with mtime 1741412089.3885
File /Library/Frameworks/Python.framework/Versions/3.13/lib/python3.13/functools.py first seen with mtime 1728279722.0
File /Library/Frameworks/Python.framework/Versions/3.13/lib/python3.13/html/entities.py first seen with mtime 1728279722.0
File /Users/mac/Desktop/healthcare app/myenv/lib/python3.13/site-packages/scipy/_lib/array_api_compat/common/_aliases.py first seen with mtime 1741412086.0546522
File /Users/mac/Desktop/healthcare app/myenv/lib/python3.13/site-packages/seaborn/distributions.py first seen with mtime 1741412092.6612926
File /Users/mac/Desktop/healthcare app/myenv/lib/python3.13/site-packages/numpy/char/__init__.py first seen with mtime 1741412084.3027806
File /Users/mac/Desktop/healthcare app/myenv/lib/python3.13/site-packages/scipy/stats/_multivariate.py first seen with mtime 1741412086.1943178
File /Users/mac/Desktop/healthcare app/myenv/lib/python3.13/site-packages/numpy/dtypes.py first seen with mtime 1741412084.2999032
File /Users/mac/Desktop/healthcare app/myenv/lib/python3.13/site-packages/pandas/core/groupby/generic.py first seen with mtime 1741412089.127742
File /Users/mac/Desktop/healthcare app/myenv/lib/python3.13/site-packages/scipy/sparse/linalg/_eigen/lobpcg/lobpcg.py first seen with mtime 1741412086.1427467
File /Users/mac/Desktop/healthcare app/myenv/lib/python3.13/site-packages/sqlparse/filters/tokens.py first seen with mtime 1741430604.2914786
File /Users/mac/Desktop/healthcare app/myenv/lib/python3.13/site-packages/django/forms/boundfield.py first seen with mtime 1741430605.0104055
File /Users/mac/Desktop/healthcare app/myenv/lib/python3.13/site-packages/django/forms/renderers.py first seen with mtime 1741430605.0113733
File /Users/mac/Desktop/healthcare app/myenv/lib/python3.13/site-packages/scipy/special/_ufuncs_cxx.cpython-313-darwin.so first seen with mtime 1741412086.0698252
File /Users/mac/Desktop/healthcare app/myenv/lib/python3.13/site-packages/scipy/sparse/linalg/_norm.py first seen with mtime 1741412086.13718
File /Users/mac/Desktop/healthcare app/myenv/lib/python3.13/site-packages/django/core/serializers/json.py first seen with mtime 1741430604.9863162
File /Users/mac/Desktop/healthcare app/myenv/lib/python3.13/site-packages/scipy/special/basic.py first seen with mtime 1741412086.0700169
File /Users/mac/Desktop/healthcare app/myenv/lib/python3.13/site-packages/twisted/_threads/_threadworker.py first seen with mtime 1746126557.051066
File /Users/mac/Desktop/healthcare app/myenv/lib/python3.13/site-packages/scipy/interpolate/_bsplines.py first seen with mtime 1741412086.113007
File /Users/mac/Desktop/healthcare app/myenv/lib/python3.13/site-packages/scipy/interpolate/_rbf.py first seen with mtime 1741412086.1116695
File /Users/mac/Desktop/healthcare app/myenv/lib/python3.13/site-packages/scipy/stats/stats.py first seen with mtime 1741412086.202735
File /Users/mac/Desktop/healthcare app/myenv/lib/python3.13/site-packages/scipy/sparse/linalg/_dsolve/linsolve.py first seen with mtime 1741412086.1495957
File /Users/mac/Desktop/healthcare app/myenv/lib/python3.13/site-packages/cryptography/x509/__init__.py first seen with mtime 1746126558.7713943
File /Users/mac/Desktop/healthcare app/myenv/lib/python3.13/site-packages/django/forms/formsets.py first seen with mtime 1741430605.0110464
File /Users/mac/Desktop/healthcare app/myenv/lib/python3.13/site-packages/pandas/core/array_algos/transforms.py first seen with mtime 1741412089.1229665
File /Users/mac/Desktop/healthcare app/myenv/lib/python3.13/site-packages/pandas/core/dtypes/missing.py first seen with mtime 1741412089.1259682
File /Users/mac/Desktop/healthcare app/myenv/lib/python3.13/site-packages/django/utils/html.py first seen with mtime 1741430605.042767
File /Users/mac/Desktop/healthcare app/myenv/lib/python3.13/site-packages/scipy/sparse/dia.py first seen with mtime 1741412086.132345
File /Users/mac/Desktop/healthcare app/myenv/lib/python3.13/site-packages/_plotly_utils/colors/carto.py first seen with mtime 1742030805.4214308
File /Users/mac/Desktop/healthcare app/myenv/lib/python3.13/site-packages/scipy/fft/_fftlog_backend.py first seen with mtime 1741412086.119963
File /Users/mac/Desktop/healthcare app/myenv/lib/python3.13/site-packages/scipy/sparse/linalg/_isolve/_gcrotmk.py first seen with mtime 1741412086.1474295
File /Users/mac/Desktop/healthcare app/myenv/lib/python3.13/site-packages/django/utils/deconstruct.py first seen with mtime 1741430605.041178
File /Users/mac/Desktop/healthcare app/myenv/lib/python3.13/site-packages/OpenSSL/version.py first seen with mtime 1746126558.9282784
File /Users/mac/Desktop/healthcare app/myenv/lib/python3.13/site-packages/channels/__init__.py first seen with mtime 1746125427.8451748
File /Users/mac/Desktop/healthcare app/myenv/lib/python3.13/site-packages/matplotlib/_cm_multivar.py first seen with mtime 1741412091.8324304
File /Users/mac/Desktop/healthcare app/myenv/lib/python3.13/site-packages/django/contrib/contenttypes/management/__init__.py first seen with mtime 1741430604.6385133
File /Users/mac/Desktop/healthcare app/myenv/lib/python3.13/site-packages/autobahn/_version.py first seen with mtime 1746126558.9633906
File /Users/mac/Desktop/healthcare app/myenv/lib/python3.13/site-packages/pygments/formatters/_mapping.py first seen with mtime 1741412251.831391
File /Users/mac/Desktop/healthcare app/myenv/lib/python3.13/site-packages/matplotlib/backend_bases.py first seen with mtime 1741412091.7980134
File /Users/mac/Desktop/healthcare app/myenv/lib/python3.13/site-packages/pyasn1/type/char.py first seen with mtime 1746126556.6506765
File /Library/Frameworks/Python.framework/Versions/3.13/lib/python3.13/lib-dynload/_blake2.cpython-313-darwin.so first seen with mtime 1728280548.0
File /Users/mac/Desktop/healthcare app/myenv/lib/python3.13/site-packages/pandas/core/arrays/categorical.py first seen with mtime 1741412089.1563869
File /Users/mac/Desktop/healthcare app/myenv/lib/python3.13/site-packages/pandas/io/excel/_util.py first seen with mtime 1741412089.1758764
File /Users/mac/Desktop/healthcare app/myenv/lib/python3.13/site-packages/twisted/logger/_legacy.py first seen with mtime 1746126557.09495
File /Library/Frameworks/Python.framework/Versions/3.13/lib/python3.13/lib-dynload/_sqlite3.cpython-313-darwin.so first seen with mtime 1728280556.0
File /Users/mac/Desktop/healthcare app/myenv/lib/python3.13/site-packages/seaborn/_stats/counting.py first seen with mtime 1741412092.669427
File /Users/mac/Desktop/healthcare app/myenv/lib/python3.13/site-packages/django/core/paginator.py first seen with mtime 1741430604.970758
File /Users/mac/Desktop/healthcare app/myenv/lib/python3.13/site-packages/scipy/optimize/_linprog_util.py first seen with mtime 1741412085.9386978
File /Users/mac/Desktop/healthcare app/myenv/lib/python3.13/site-packages/django/utils/safestring.py first seen with mtime 1741430605.0463607
File /Users/mac/Desktop/healthcare app/myenv/lib/python3.13/site-packages/scipy/interpolate/_rgi.py first seen with mtime 1741412086.1053746
File /Users/mac/Desktop/healthcare app/myenv/lib/python3.13/site-packages/cryptography/hazmat/bindings/_rust.abi3.so first seen with mtime 1746126558.8388216
File /Users/mac/Desktop/healthcare app/myenv/lib/python3.13/site-packages/scipy/optimize/_lsq/__init__.py first seen with mtime 1741412085.9750724
File /Library/Frameworks/Python.framework/Versions/3.13/lib/python3.13/base64.py first seen with mtime 1728279722.0
File /Users/mac/Desktop/healthcare app/myenv/lib/python3.13/site-packages/django/db/models/deletion.py first seen with mtime 1741430605.0030868
File /Users/mac/Desktop/healthcare app/myenv/lib/python3.13/site-packages/scipy/version.py first seen with mtime 1741412085.8943624
File /Users/mac/Desktop/healthcare app/myenv/lib/python3.13/site-packages/numpy/f2py/__version__.py first seen with mtime 1741412084.3710938
File /Users/mac/Desktop/healthcare app/myenv/lib/python3.13/site-packages/pandas/_libs/indexing.cpython-313-darwin.so first seen with mtime 1741412089.375801
File /Users/mac/Desktop/healthcare app/myenv/lib/python3.13/site-packages/pandas/core/util/numba_.py first seen with mtime 1741412089.1228428
File /Library/Frameworks/Python.framework/Versions/3.13/lib/python3.13/json/decoder.py first seen with mtime 1728279722.0
File /Users/mac/Desktop/healthcare app/myenv/lib/python3.13/site-packages/django/contrib/auth/admin.py first seen with mtime 1741430604.557282
File /Users/mac/Desktop/healthcare app/myenv/lib/python3.13/site-packages/django/forms/fields.py first seen with mtime 1741430605.010567
File /Users/mac/Desktop/healthcare app/myenv/lib/python3.13/site-packages/numpy/ma/extras.py first seen with mtime 1741412084.3065844
File /Users/mac/Desktop/healthcare app/myenv/lib/python3.13/site-packages/cryptography/hazmat/primitives/_cipheralgorithm.py first seen with mtime 1746126558.7501225
File /Users/mac/Desktop/healthcare app/myenv/lib/python3.13/site-packages/pandas/io/formats/printing.py first seen with mtime 1741412089.1738765
File /Library/Frameworks/Python.framework/Versions/3.13/lib/python3.13/bz2.py first seen with mtime 1728279722.0
File /Users/mac/Desktop/healthcare app/myenv/lib/python3.13/site-packages/PIL/_imaging.cpython-313-darwin.so first seen with mtime 1741412084.1185405
File /Users/mac/Desktop/healthcare app/myenv/lib/python3.13/site-packages/scipy/sparse/linalg/_dsolve/_add_newdocs.py first seen with mtime 1741412086.1494594
File /Users/mac/Desktop/healthcare app/myenv/lib/python3.13/site-packages/numpy/f2py/rules.py first seen with mtime 1741412084.3707519
File /Users/mac/Desktop/healthcare app/myenv/lib/python3.13/site-packages/scipy/optimize/_minpack_py.py first seen with mtime 1741412085.938555
File /Users/mac/Desktop/healthcare app/myenv/lib/python3.13/site-packages/daphne/server.py first seen with mtime 1746126559.3333766
File /Library/Frameworks/Python.framework/Versions/3.13/lib/python3.13/inspect.py first seen with mtime 1728279722.0
File /Users/mac/Desktop/healthcare app/myenv/lib/python3.13/site-packages/PIL/ImageChops.py first seen with mtime 1741412084.1205454
File /Users/mac/Desktop/healthcare app/myenv/lib/python3.13/site-packages/idna/intranges.py first seen with mtime 1741414831.7304974
File /Users/mac/Desktop/healthcare app/myenv/lib/python3.13/site-packages/django/core/mail/__init__.py first seen with mtime 1741430604.9793143
File /Users/mac/Desktop/healthcare app/myenv/lib/python3.13/site-packages/rest_framework/schemas/__init__.py first seen with mtime 1741700066.5711064
File /Users/mac/Desktop/healthcare app/myenv/lib/python3.13/site-packages/scipy/optimize/_trustregion_constr/report.py first seen with mtime 1741412085.9777424
File /Users/mac/Desktop/healthcare app/myenv/lib/python3.13/site-packages/cryptography/hazmat/primitives/serialization/ssh.py first seen with mtime 1746126558.7490573
File /Users/mac/Desktop/healthcare app/myenv/lib/python3.13/site-packages/django/contrib/messages/constants.py first seen with mtime 1741430604.7995248
File /Users/mac/Desktop/healthcare app/myenv/lib/python3.13/site-packages/twisted/logger/_stdlib.py first seen with mtime 1746126557.0955176
File /Users/mac/Desktop/healthcare app/myenv/lib/python3.13/site-packages/matplotlib/tri/_triplot.py first seen with mtime 1741412091.8387468
File /Users/mac/Desktop/healthcare app/myenv/lib/python3.13/site-packages/urllib3/_version.py first seen with mtime 1741414831.6840003
File /Users/mac/Desktop/healthcare app/myenv/lib/python3.13/site-packages/autobahn/wamp/auth.py first seen with mtime 1746126558.9739883
File /Users/mac/Desktop/healthcare app/myenv/lib/python3.13/site-packages/pandas/util/_validators.py first seen with mtime 1741412089.1664166
File /Users/mac/Desktop/healthcare app/myenv/lib/python3.13/site-packages/numpy/_core/einsumfunc.py first seen with mtime 1741412084.3215077
File /Users/mac/Desktop/healthcare app/myenv/lib/python3.13/site-packages/pandas/core/arrays/_mixins.py first seen with mtime 1741412089.1599233
File /Users/mac/Desktop/healthcare app/myenv/lib/python3.13/site-packages/numpy/_typing/_array_like.py first seen with mtime 1741412084.3465755
File /Users/mac/Desktop/healthcare app/myenv/lib/python3.13/site-packages/numpy/_core/_machar.py first seen with mtime 1741412084.3133647
File /Users/mac/Desktop/healthcare app/myenv/lib/python3.13/site-packages/numpy/polynomial/legendre.py first seen with mtime 1741412084.4251673
File /Users/mac/Desktop/healthcare app/myenv/lib/python3.13/site-packages/pandas/core/reshape/__init__.py first seen with mtime 1741412089.1197581
File /Users/mac/Desktop/healthcare app/myenv/lib/python3.13/site-packages/scipy/optimize/_lsq/givens_elimination.cpython-313-darwin.so first seen with mtime 1741412085.974945
File /Library/Frameworks/Python.framework/Versions/3.13/lib/python3.13/socketserver.py first seen with mtime 1728279722.0
File /Users/mac/Desktop/healthcare app/myenv/lib/python3.13/site-packages/numpy/_core/getlimits.py first seen with mtime 1741412084.3138843
File /Users/mac/Desktop/healthcare app/myenv/lib/python3.13/site-packages/django/templatetags/tz.py first seen with mtime 1741430605.034063
File /Users/mac/Desktop/healthcare app/myenv/lib/python3.13/site-packages/numpy/_typing/_scalars.py first seen with mtime 1741412084.346669
File /Users/mac/Desktop/healthcare app/myenv/lib/python3.13/site-packages/django/db/models/__init__.py first seen with mtime 1741430605.0023398
File /Users/mac/Desktop/healthcare app/myenv/lib/python3.13/site-packages/requests/_internal_utils.py first seen with mtime 1741414831.7917867
File /Users/mac/Desktop/healthcare app/myenv/lib/python3.13/site-packages/django/contrib/sites/requests.py first seen with mtime 1741430604.924544
File /Users/mac/Desktop/healthcare app/myenv/lib/python3.13/site-packages/django/contrib/sessions/apps.py first seen with mtime 1741430604.8781297
File /Users/mac/Desktop/healthcare app/myenv/lib/python3.13/site-packages/autobahn/wamp/interfaces.py first seen with mtime 1746126558.9754179
File /Library/Frameworks/Python.framework/Versions/3.13/lib/python3.13/asyncio/transports.py first seen with mtime 1728279722.0
File /Users/mac/Desktop/healthcare app/myenv/lib/python3.13/site-packages/scipy/linalg/decomp_lu.py first seen with mtime 1741412085.9103422
File /Users/mac/Desktop/healthcare app/myenv/lib/python3.13/site-packages/django/contrib/staticfiles/checks.py first seen with mtime 1741430604.9681275
File /Users/mac/Desktop/healthcare app/myenv/lib/python3.13/site-packages/scipy/stats/qmc.py first seen with mtime 1741412086.2037802
File /Library/Frameworks/Python.framework/Versions/3.13/lib/python3.13/json/scanner.py first seen with mtime 1728279722.0
File /Users/mac/Desktop/healthcare app/myenv/lib/python3.13/site-packages/django/urls/__init__.py first seen with mtime 1741430605.0361557
File /Users/mac/Desktop/healthcare app/myenv/lib/python3.13/site-packages/numpy/_core/_dtype_ctypes.py first seen with mtime 1741412084.3139772
File /Users/mac/Desktop/healthcare app/myenv/lib/python3.13/site-packages/django/template/exceptions.py first seen with mtime 1741430605.029887
File /Users/mac/Desktop/healthcare app/myenv/lib/python3.13/site-packages/daphne/endpoints.py first seen with mtime 1746126559.3330288
File /Library/Frameworks/Python.framework/Versions/3.13/lib/python3.13/encodings/utf_8.py first seen with mtime 1728279722.0
File /Users/mac/Desktop/healthcare app/myenv/lib/python3.13/site-packages/service_identity/hazmat.py first seen with mtime 1746126558.918318
File /Users/mac/Desktop/healthcare app/myenv/lib/python3.13/site-packages/numpy/_array_api_info.py first seen with mtime 1741412084.2977867
File /Users/mac/Desktop/healthcare app/myenv/lib/python3.13/site-packages/django/db/migrations/recorder.py first seen with mtime 1741430605.0006242
File /Library/Frameworks/Python.framework/Versions/3.13/lib/python3.13/ipaddress.py first seen with mtime 1728279722.0
File /Users/mac/Desktop/healthcare app/myenv/lib/python3.13/site-packages/pandas/core/arrays/sparse/array.py first seen with mtime 1741412089.1617785
File /Users/mac/Desktop/healthcare app/myenv/lib/python3.13/site-packages/scipy/_lib/array_api_compat/common/_fft.py first seen with mtime 1741412086.054179
File /Users/mac/Desktop/healthcare app/myenv/lib/python3.13/site-packages/numpy/lib/_index_tricks_impl.py first seen with mtime 1741412084.397137
File /Users/mac/Desktop/healthcare app/myenv/lib/python3.13/site-packages/django/contrib/auth/base_user.py first seen with mtime 1741430604.5577853
File /Users/mac/Desktop/healthcare app/myenv/lib/python3.13/site-packages/pygments/plugin.py first seen with mtime 1741412251.8294716
File /Users/mac/Desktop/healthcare app/myenv/lib/python3.13/site-packages/numpy/_core/tests/_natype.py first seen with mtime 1741412084.3297477
File /Library/Frameworks/Python.framework/Versions/3.13/lib/python3.13/_compression.py first seen with mtime 1728279722.0
File /Users/mac/Desktop/healthcare app/myenv/lib/python3.13/site-packages/scipy/optimize/_bracket.py first seen with mtime 1741412085.9418452
File /Users/mac/Desktop/healthcare app/myenv/lib/python3.13/site-packages/charset_normalizer/legacy.py first seen with mtime 1741414831.7684653
File /Users/mac/Desktop/healthcare app/myenv/lib/python3.13/site-packages/rest_framework/permissions.py first seen with mtime 1741700066.552089
File /Users/mac/Desktop/healthcare app/myenv/lib/python3.13/site-packages/django/contrib/postgres/search.py first seen with mtime 1741430604.803986
File /Users/mac/Desktop/healthcare app/myenv/lib/python3.13/site-packages/django/core/serializers/python.py first seen with mtime 1741430604.986644
File /Library/Frameworks/Python.framework/Versions/3.13/lib/python3.13/multiprocessing/context.py first seen with mtime 1728279722.0
File /Users/mac/Desktop/healthcare app/myenv/lib/python3.13/site-packages/scipy/sparse/_bsr.py first seen with mtime 1741412086.1321745
File /Users/mac/Desktop/healthcare app/myenv/lib/python3.13/site-packages/django/contrib/admin/templatetags/base.py first seen with mtime 1741430604.5057163
File /Users/mac/Desktop/healthcare app/myenv/lib/python3.13/site-packages/scipy/optimize/_lsap.cpython-313-darwin.so first seen with mtime 1741412085.939561
File /Users/mac/Desktop/healthcare app/myenv/lib/python3.13/site-packages/scipy/stats/_sensitivity_analysis.py first seen with mtime 1741412086.195155
File /Library/Frameworks/Python.framework/Versions/3.13/lib/python3.13/zipfile/_path/glob.py first seen with mtime 1728279722.0
File /Users/mac/Desktop/healthcare app/healthcare_project/healthcare_app/models.py first seen with mtime 1746125523.8868778
File /Users/mac/Desktop/healthcare app/myenv/lib/python3.13/site-packages/twisted/protocols/tls.py first seen with mtime 1746126557.1199882
File /Users/mac/Desktop/healthcare app/myenv/lib/python3.13/site-packages/twisted/internet/_sslverify.py first seen with mtime 1746126557.076155
File /Users/mac/Desktop/healthcare app/myenv/lib/python3.13/site-packages/scipy/_lib/_threadsafety.py first seen with mtime 1741412086.0484955
File /Users/mac/Desktop/healthcare app/myenv/lib/python3.13/site-packages/django/db/models/query.py first seen with mtime 1741430605.00451
File /Users/mac/Desktop/healthcare app/myenv/lib/python3.13/site-packages/daphne/management/commands/__init__.py first seen with mtime 1746126559.3343089
File /Library/Frameworks/Python.framework/Versions/3.13/lib/python3.13/logging/__init__.py first seen with mtime 1728279722.0
File /Users/mac/Desktop/healthcare app/myenv/lib/python3.13/site-packages/asgiref/__init__.py first seen with mtime 1741430604.3117266
File /Users/mac/Desktop/healthcare app/myenv/lib/python3.13/site-packages/twisted/internet/main.py first seen with mtime 1746126557.0793347
File /Users/mac/Desktop/healthcare app/healthcare_project/healthcare_project/__init__.py first seen with mtime 1741437081.6331716
File /Users/mac/Desktop/healthcare app/myenv/lib/python3.13/site-packages/attr/_config.py first seen with mtime 1746126556.7656126
File /Users/mac/Desktop/healthcare app/myenv/lib/python3.13/site-packages/matplotlib/style/__init__.py first seen with mtime 1741412091.8702202
File /Users/mac/Desktop/healthcare app/myenv/lib/python3.13/site-packages/seaborn/_core/__init__.py first seen with mtime 1741412092.662793
File /Library/Frameworks/Python.framework/Versions/3.13/lib/python3.13/multiprocessing/__init__.py first seen with mtime 1728279722.0
File /Users/mac/Desktop/healthcare app/myenv/lib/python3.13/site-packages/django/utils/__init__.py first seen with mtime 1741430605.0370367
File /Users/mac/Desktop/healthcare app/myenv/lib/python3.13/site-packages/twisted/internet/stdio.py first seen with mtime 1746126557.0804374
File /Users/mac/Desktop/healthcare app/myenv/lib/python3.13/site-packages/pandas/core/arrays/arrow/__init__.py first seen with mtime 1741412089.1606078
File /Users/mac/Desktop/healthcare app/myenv/lib/python3.13/site-packages/autobahn/websocket/__init__.py first seen with mtime 1746126558.9922931
File /Users/mac/Desktop/healthcare app/myenv/lib/python3.13/site-packages/plotly/optional_imports.py first seen with mtime 1742030805.4241128
File /Library/Frameworks/Python.framework/Versions/3.13/lib/python3.13/lib-dynload/_json.cpython-313-darwin.so first seen with mtime 1728280553.0
File /Users/mac/Desktop/healthcare app/myenv/lib/python3.13/site-packages/requests/adapters.py first seen with mtime 1741414831.7919078
File /Users/mac/Desktop/healthcare app/myenv/lib/python3.13/site-packages/scipy/optimize/_root_scalar.py first seen with mtime 1741412085.9403758
File /Users/mac/Desktop/healthcare app/myenv/lib/python3.13/site-packages/cryptography/x509/general_name.py first seen with mtime 1746126558.770981
File /Users/mac/Desktop/healthcare app/myenv/lib/python3.13/site-packages/rest_framework/utils/__init__.py first seen with mtime 1741700066.587565
File /Users/mac/Desktop/healthcare app/myenv/lib/python3.13/site-packages/rest_framework/templatetags/rest_framework.py first seen with mtime 1741700066.587446
File /Users/mac/Desktop/healthcare app/myenv/lib/python3.13/site-packages/scipy/linalg/_linalg_pythran.cpython-313-darwin.so first seen with mtime 1741412085.9131062
File /Users/mac/Desktop/healthcare app/healthcare_project/manage.py first seen with mtime 1741437081.632966
File /Users/mac/Desktop/healthcare app/myenv/lib/python3.13/site-packages/scipy/ndimage/_measurements.py first seen with mtime 1741412085.900428
File /Users/mac/Desktop/healthcare app/myenv/lib/python3.13/site-packages/certifi/__init__.py first seen with mtime 1741414831.787187
File /Users/mac/Desktop/healthcare app/myenv/lib/python3.13/site-packages/requests/compat.py first seen with mtime 1741414831.792685
File /Users/mac/Desktop/healthcare app/myenv/lib/python3.13/site-packages/pandas/core/internals/ops.py first seen with mtime 1741412089.129788
File /Users/mac/Desktop/healthcare app/myenv/lib/python3.13/site-packages/django/core/cache/utils.py first seen with mtime 1741430604.9716444
File /Users/mac/Desktop/healthcare app/healthcare_project/healthcare_app/__init__.py first seen with mtime 1741437097.1664336
File /Users/mac/Desktop/healthcare app/myenv/lib/python3.13/site-packages/scipy/sparse/linalg/_dsolve/_superlu.cpython-313-darwin.so first seen with mtime 1741412086.1502836
File /Users/mac/Desktop/healthcare app/myenv/lib/python3.13/site-packages/django/db/migrations/operations/base.py first seen with mtime 1741430605.0016575
File /Users/mac/Desktop/healthcare app/myenv/lib/python3.13/site-packages/scipy/stats/_hypotests.py first seen with mtime 1741412086.2011216
File /Library/Frameworks/Python.framework/Versions/3.13/lib/python3.13/xml/__init__.py first seen with mtime 1728279722.0
File /Library/Frameworks/Python.framework/Versions/3.13/lib/python3.13/http/client.py first seen with mtime 1728279722.0
File /Users/mac/Desktop/healthcare app/myenv/lib/python3.13/site-packages/scipy/integrate/_ivp/radau.py first seen with mtime 1741412085.9870746
File /Users/mac/Desktop/healthcare app/myenv/lib/python3.13/site-packages/django/template/backends/django.py first seen with mtime 1741430605.0313013
File /Library/Frameworks/Python.framework/Versions/3.13/lib/python3.13/difflib.py first seen with mtime 1728279722.0
File /Library/Frameworks/Python.framework/Versions/3.13/lib/python3.13/queue.py first seen with mtime 1728279722.0
File /Users/mac/Desktop/healthcare app/myenv/lib/python3.13/site-packages/pandas/io/parsers/__init__.py first seen with mtime 1741412089.1707034
File /Users/mac/Desktop/healthcare app/myenv/lib/python3.13/site-packages/txaio/_common.py first seen with mtime 1746126556.059144
File /Users/mac/Desktop/healthcare app/myenv/lib/python3.13/site-packages/scipy/interpolate/_dierckx.cpython-313-darwin.so first seen with mtime 1741412086.11184
File /Users/mac/Desktop/healthcare app/myenv/lib/python3.13/site-packages/seaborn/_base.py first seen with mtime 1741412092.6594448
File /Users/mac/Desktop/healthcare app/myenv/lib/python3.13/site-packages/matplotlib/scale.py first seen with mtime 1741412091.8359478
File /Users/mac/Desktop/healthcare app/myenv/lib/python3.13/site-packages/cryptography/hazmat/primitives/_asymmetric.py first seen with mtime 1746126558.7495446
File /Library/Frameworks/Python.framework/Versions/3.13/lib/python3.13/fractions.py first seen with mtime 1728279722.0
File /Users/mac/Desktop/healthcare app/myenv/lib/python3.13/site-packages/scipy/stats/_qmc_cy.cpython-313-darwin.so first seen with mtime 1741412086.197591
File /Users/mac/Desktop/healthcare app/myenv/lib/python3.13/site-packages/scipy/stats/biasedurn.py first seen with mtime 1741412086.1989994
File /Users/mac/Desktop/healthcare app/myenv/lib/python3.13/site-packages/scipy/sparse/linalg/_isolve/utils.py first seen with mtime 1741412086.147196
File /Users/mac/Desktop/healthcare app/myenv/lib/python3.13/site-packages/pandas/core/internals/array_manager.py first seen with mtime 1741412089.1293511
File /Users/mac/Desktop/healthcare app/myenv/lib/python3.13/site-packages/django/core/checks/__init__.py first seen with mtime 1741430604.973252
File /Users/mac/Desktop/healthcare app/myenv/lib/python3.13/site-packages/scipy/fft/_helper.py first seen with mtime 1741412086.1196392
File /Users/mac/Desktop/healthcare app/myenv/lib/python3.13/site-packages/numpy/_core/umath.py first seen with mtime 1741412084.3097293
File /Library/Frameworks/Python.framework/Versions/3.13/lib/python3.13/enum.py first seen with mtime 1728279722.0
File /Users/mac/Desktop/healthcare app/myenv/lib/python3.13/site-packages/numpy/f2py/diagnose.py first seen with mtime 1741412084.371576
File /Users/mac/Desktop/healthcare app/myenv/lib/python3.13/site-packages/pygments/lexer.py first seen with mtime 1741412251.829265
File /Users/mac/Desktop/healthcare app/myenv/lib/python3.13/site-packages/scipy/linalg/_decomp_polar.py first seen with mtime 1741412085.9140704
File /Users/mac/Desktop/healthcare app/myenv/lib/python3.13/site-packages/narwhals/stable/v1/__init__.py first seen with mtime 1742030805.2123263
File /Users/mac/Desktop/healthcare app/myenv/lib/python3.13/site-packages/pandas/_libs/index.cpython-313-darwin.so first seen with mtime 1741412089.3709676
File /Library/Frameworks/Python.framework/Versions/3.13/lib/python3.13/glob.py first seen with mtime 1728279722.0
File /Users/mac/Desktop/healthcare app/myenv/lib/python3.13/site-packages/django/db/backends/sqlite3/introspection.py first seen with mtime 1741430604.9981074
File /Users/mac/Desktop/healthcare app/myenv/lib/python3.13/site-packages/numpy/random/mtrand.cpython-313-darwin.so first seen with mtime 1741412084.4124439
File /Users/mac/Desktop/healthcare app/myenv/lib/python3.13/site-packages/narwhals/expr_cat.py first seen with mtime 1742030805.1942358
File /Users/mac/Desktop/healthcare app/myenv/lib/python3.13/site-packages/matplotlib/pyplot.py first seen with mtime 1741412091.832684
File /Users/mac/Desktop/healthcare app/myenv/lib/python3.13/site-packages/scipy/special/_input_validation.py first seen with mtime 1741412086.059609
File /Users/mac/Desktop/healthcare app/myenv/lib/python3.13/site-packages/pandas/core/tools/times.py first seen with mtime 1741412089.12154
File /Users/mac/Desktop/healthcare app/myenv/lib/python3.13/site-packages/zope/interface/_zope_interface_coptimizations.cpython-313-darwin.so first seen with mtime 1746126556.7921534
File /Users/mac/Desktop/healthcare app/myenv/lib/python3.13/site-packages/numpy/lib/_shape_base_impl.py first seen with mtime 1741412084.395291
File /Users/mac/Desktop/healthcare app/myenv/lib/python3.13/site-packages/django/core/handlers/__init__.py first seen with mtime 1741430604.9782066
File /Users/mac/Desktop/healthcare app/myenv/lib/python3.13/site-packages/pandas/io/sas/sasreader.py first seen with mtime 1741412089.177517
File /Users/mac/Desktop/healthcare app/myenv/lib/python3.13/site-packages/scipy/stats/mstats.py first seen with mtime 1741412086.2018244
File /Users/mac/Desktop/healthcare app/myenv/lib/python3.13/site-packages/django/urls/base.py first seen with mtime 1741430605.036386
File /Users/mac/Desktop/healthcare app/healthcare_project/healthcare_app/urls.py first seen with mtime 1746126171.0805135
File /Library/Frameworks/Python.framework/Versions/3.13/lib/python3.13/lib-dynload/math.cpython-313-darwin.so first seen with mtime 1728280561.0
File /Library/Frameworks/Python.framework/Versions/3.13/lib/python3.13/lzma.py first seen with mtime 1728279722.0
File /Users/mac/Desktop/healthcare app/myenv/lib/python3.13/site-packages/scipy/stats/__init__.py first seen with mtime 1741412086.1996124
File /Library/Frameworks/Python.framework/Versions/3.13/lib/python3.13/importlib/resources/_itertools.py first seen with mtime 1728279722.0
File /Users/mac/Desktop/healthcare app/healthcare_project/healthcare_app/serializers.py first seen with mtime 1741841771.0586522
File /Users/mac/Desktop/healthcare app/myenv/lib/python3.13/site-packages/scipy/optimize/_trustregion_constr/canonical_constraint.py first seen with mtime 1741412085.9779806
File /Users/mac/Desktop/healthcare app/myenv/lib/python3.13/site-packages/pyasn1/codec/streaming.py first seen with mtime 1746126556.645305
File /Users/mac/Desktop/healthcare app/myenv/lib/python3.13/site-packages/django/db/migrations/graph.py first seen with mtime 1741430604.999212
File /Users/mac/Desktop/healthcare app/myenv/lib/python3.13/site-packages/attr/exceptions.py first seen with mtime 1746126556.7671385
File /Users/mac/Desktop/healthcare app/myenv/lib/python3.13/site-packages/scipy/stats/_qmvnt.py first seen with mtime 1741412086.196717
File /Users/mac/Desktop/healthcare app/myenv/lib/python3.13/site-packages/django/templatetags/cache.py first seen with mtime 1741430605.0325134
File /Users/mac/Desktop/healthcare app/myenv/lib/python3.13/site-packages/attr/setters.py first seen with mtime 1746126556.7680235
File /Library/Frameworks/Python.framework/Versions/3.13/lib/python3.13/token.py first seen with mtime 1728279722.0
File /Users/mac/Desktop/healthcare app/healthcare_project/healthcare_app/views.py first seen with mtime 1746126100.4125993
File /Users/mac/Desktop/healthcare app/myenv/lib/python3.13/site-packages/twisted/python/modules.py first seen with mtime 1746126557.125418
File /Library/Frameworks/Python.framework/Versions/3.13/lib/python3.13/shutil.py first seen with mtime 1728279722.0
File /Users/mac/Desktop/healthcare app/myenv/lib/python3.13/site-packages/django/core/signals.py first seen with mtime 1741430604.9708567
File /Users/mac/Desktop/healthcare app/myenv/lib/python3.13/site-packages/matplotlib/offsetbox.py first seen with mtime 1741412091.8183181
File /Users/mac/Desktop/healthcare app/myenv/lib/python3.13/site-packages/scipy/linalg/_matfuncs_sqrtm.py first seen with mtime 1741412085.9110563
File /Users/mac/Desktop/healthcare app/myenv/lib/python3.13/site-packages/numpy/_core/records.py first seen with mtime 1741412084.3125532
File /Users/mac/Desktop/healthcare app/myenv/lib/python3.13/site-packages/matplotlib/transforms.py first seen with mtime 1741412091.7965903
File /Users/mac/Desktop/healthcare app/myenv/lib/python3.13/site-packages/kiwisolver/__init__.py first seen with mtime 1741412085.274116
File /Users/mac/Desktop/healthcare app/myenv/lib/python3.13/site-packages/pandas/core/ops/__init__.py first seen with mtime 1741412089.1624568
File /Users/mac/Desktop/healthcare app/myenv/lib/python3.13/site-packages/urllib3/util/wait.py first seen with mtime 1741414831.6899822
File /Users/mac/Desktop/healthcare app/myenv/lib/python3.13/site-packages/django/contrib/admin/templatetags/admin_modify.py first seen with mtime 1741430604.5055082
File /Users/mac/Desktop/healthcare app/myenv/lib/python3.13/site-packages/idna/__init__.py first seen with mtime 1741414831.7298732
File /Users/mac/Desktop/healthcare app/myenv/lib/python3.13/site-packages/pandas/io/excel/_calamine.py first seen with mtime 1741412089.1749356
File /Library/Frameworks/Python.framework/Versions/3.13/lib/python3.13/typing.py first seen with mtime 1728279722.0
File /Users/mac/Desktop/healthcare app/myenv/lib/python3.13/site-packages/scipy/integrate/_cubature.py first seen with mtime 1741412085.9830806
File /Users/mac/Desktop/healthcare app/myenv/lib/python3.13/site-packages/pandas/_libs/window/__init__.py first seen with mtime 1741412089.3831222
File /Users/mac/Desktop/healthcare app/myenv/lib/python3.13/site-packages/narwhals/series_cat.py first seen with mtime 1742030805.1958995
File /Users/mac/Desktop/healthcare app/myenv/lib/python3.13/site-packages/rest_framework/utils/html.py first seen with mtime 1741700066.5881329
File /Users/mac/Desktop/healthcare app/myenv/lib/python3.13/site-packages/django/views/generic/detail.py first seen with mtime 1741430605.0521395
File /Users/mac/Desktop/healthcare app/myenv/lib/python3.13/site-packages/pandas/core/dtypes/base.py first seen with mtime 1741412089.1272538
File /Users/mac/Desktop/healthcare app/myenv/lib/python3.13/site-packages/sqlparse/cli.py first seen with mtime 1741430604.2889955
File /Users/mac/Desktop/healthcare app/myenv/lib/python3.13/site-packages/twisted/logger/_levels.py first seen with mtime 1746126557.0951538
File /Users/mac/Desktop/healthcare app/myenv/lib/python3.13/site-packages/pandas/_libs/tslibs/timestamps.cpython-313-darwin.so first seen with mtime 1741412089.3970551
File /Users/mac/Desktop/healthcare app/myenv/lib/python3.13/site-packages/pandas/core/arrays/_arrow_string_mixins.py first seen with mtime 1741412089.1566582
File /Users/mac/Desktop/healthcare app/myenv/lib/python3.13/site-packages/django/db/models/fields/related.py first seen with mtime 1741430605.0066042
File /Users/mac/Desktop/healthcare app/myenv/lib/python3.13/site-packages/scipy/special/_support_alternative_backends.py first seen with mtime 1741412086.07286
File /Users/mac/Desktop/healthcare app/myenv/lib/python3.13/site-packages/django/core/serializers/base.py first seen with mtime 1741430604.9862235
File /Users/mac/Desktop/healthcare app/myenv/lib/python3.13/site-packages/numpy/_core/_string_helpers.py first seen with mtime 1741412084.311874
File /Users/mac/Desktop/healthcare app/myenv/lib/python3.13/site-packages/pandas/io/json/__init__.py first seen with mtime 1741412089.1769574
File /Users/mac/Desktop/healthcare app/myenv/lib/python3.13/site-packages/pandas/core/reshape/concat.py first seen with mtime 1741412089.119496
File /Users/mac/Desktop/healthcare app/myenv/lib/python3.13/site-packages/pandas/core/window/common.py first seen with mtime 1741412089.1483812
File /Users/mac/Desktop/healthcare app/myenv/lib/python3.13/site-packages/pyasn1/type/namedtype.py first seen with mtime 1746126556.6512747
File /Users/mac/Desktop/healthcare app/myenv/lib/python3.13/site-packages/_distutils_hack/__init__.py first seen with mtime 1746126556.0735526
File /Users/mac/Desktop/healthcare app/myenv/lib/python3.13/site-packages/scipy/_lib/array_api_compat/_internal.py first seen with mtime 1741412086.050786
File /Users/mac/Desktop/healthcare app/myenv/lib/python3.13/site-packages/pandas/core/indexers/__init__.py first seen with mtime 1741412089.11845
File /Users/mac/Desktop/healthcare app/myenv/lib/python3.13/site-packages/django/utils/http.py first seen with mtime 1741430605.04292
File /Library/Frameworks/Python.framework/Versions/3.13/lib/python3.13/unittest/case.py first seen with mtime 1728279722.0
File /Library/Frameworks/Python.framework/Versions/3.13/lib/python3.13/email/header.py first seen with mtime 1728279722.0
File /Users/mac/Desktop/healthcare app/myenv/lib/python3.13/site-packages/scipy/sparse/compressed.py first seen with mtime 1741412086.1322622
File /Library/Frameworks/Python.framework/Versions/3.13/lib/python3.13/asyncio/futures.py first seen with mtime 1728279722.0
File /Users/mac/Desktop/healthcare app/myenv/lib/python3.13/site-packages/_plotly_utils/utils.py first seen with mtime 1742030805.4208453
File /Users/mac/Desktop/healthcare app/myenv/lib/python3.13/site-packages/cryptography/__about__.py first seen with mtime 1746126558.7724748
File /Users/mac/Desktop/healthcare app/myenv/lib/python3.13/site-packages/scipy/optimize/_lsq/least_squares.py first seen with mtime 1741412085.9744065
File /Library/Frameworks/Python.framework/Versions/3.13/lib/python3.13/email/message.py first seen with mtime 1728279722.0
File /Library/Frameworks/Python.framework/Versions/3.13/lib/python3.13/pty.py first seen with mtime 1728279722.0
File /Users/mac/Desktop/healthcare app/myenv/lib/python3.13/site-packages/constantly/__init__.py first seen with mtime 1746126556.723554
File /Users/mac/Desktop/healthcare app/myenv/lib/python3.13/site-packages/scipy/fft/_backend.py first seen with mtime 1741412086.1194005
File /Users/mac/Desktop/healthcare app/myenv/lib/python3.13/site-packages/django/db/migrations/loader.py first seen with mtime 1741430604.9993336
File /Users/mac/Desktop/healthcare app/myenv/lib/python3.13/site-packages/django/core/checks/translation.py first seen with mtime 1741430604.9744644
File /Users/mac/Desktop/healthcare app/myenv/lib/python3.13/site-packages/django/views/decorators/common.py first seen with mtime 1741430605.0506659
File /Users/mac/Desktop/healthcare app/myenv/lib/python3.13/site-packages/scipy/optimize/_shgo_lib/_complex.py first seen with mtime 1741412085.9630897
File /Users/mac/Desktop/healthcare app/myenv/lib/python3.13/site-packages/scipy/ndimage/_interpolation.py first seen with mtime 1741412085.9046001
File /Users/mac/Desktop/healthcare app/myenv/lib/python3.13/site-packages/scipy/optimize/_optimize.py first seen with mtime 1741412085.9331758
File /Users/mac/Desktop/healthcare app/myenv/lib/python3.13/site-packages/PIL/_util.py first seen with mtime 1741412084.1271045
File /Users/mac/Desktop/healthcare app/myenv/lib/python3.13/site-packages/scipy/integrate/dop.py first seen with mtime 1741412085.9829702
File /Users/mac/Desktop/healthcare app/myenv/lib/python3.13/site-packages/scipy/optimize/_slsqp.cpython-313-darwin.so first seen with mtime 1741412085.935533
File /Users/mac/Desktop/healthcare app/myenv/lib/python3.13/site-packages/service_identity/cryptography.py first seen with mtime 1746126558.9179204
File /Users/mac/Desktop/healthcare app/myenv/lib/python3.13/site-packages/django/core/checks/registry.py first seen with mtime 1741430604.974263
File /Users/mac/Desktop/healthcare app/myenv/lib/python3.13/site-packages/txaio/__init__.py first seen with mtime 1746126556.0589426
File /Library/Frameworks/Python.framework/Versions/3.13/lib/python3.13/email/mime/text.py first seen with mtime 1728279722.0
File /Users/mac/Desktop/healthcare app/myenv/lib/python3.13/site-packages/django/template/base.py first seen with mtime 1741430605.0287795
File /Users/mac/Desktop/healthcare app/myenv/lib/python3.13/site-packages/numpy/_core/function_base.py first seen with mtime 1741412084.3213458
File /Users/mac/Desktop/healthcare app/myenv/lib/python3.13/site-packages/pandas/_version_meson.py first seen with mtime 1741412089.112392
File /Users/mac/Desktop/healthcare app/myenv/lib/python3.13/site-packages/pandas/core/methods/describe.py first seen with mtime 1741412089.1219957
File /Users/mac/Desktop/healthcare app/myenv/lib/python3.13/site-packages/numpy/_core/fromnumeric.py first seen with mtime 1741412084.3099413
File /Users/mac/Desktop/healthcare app/myenv/lib/python3.13/site-packages/scipy/ndimage/morphology.py first seen with mtime 1741412085.9029982
File /Users/mac/Desktop/healthcare app/myenv/lib/python3.13/site-packages/scipy/spatial/transform/_rotation.cpython-313-darwin.so first seen with mtime 1741412086.1792026
File /Users/mac/Desktop/healthcare app/myenv/lib/python3.13/site-packages/scipy/interpolate/_ndgriddata.py first seen with mtime 1741412086.108583
File /Users/mac/Desktop/healthcare app/myenv/lib/python3.13/site-packages/matplotlib/colorbar.py first seen with mtime 1741412091.8017874
File /Users/mac/Desktop/healthcare app/myenv/lib/python3.13/site-packages/pyparsing/results.py first seen with mtime 1741412084.067212
File /Users/mac/Desktop/healthcare app/myenv/lib/python3.13/site-packages/pandas/core/array_algos/__init__.py first seen with mtime 1741412089.1233604
File /Users/mac/Desktop/healthcare app/myenv/lib/python3.13/site-packages/twisted/python/threadpool.py first seen with mtime 1746126557.1273048
File /Users/mac/Desktop/healthcare app/myenv/lib/python3.13/site-packages/django/core/files/uploadhandler.py first seen with mtime 1741430604.977112
File /Users/mac/Desktop/healthcare app/myenv/lib/python3.13/site-packages/twisted/application/__init__.py first seen with mtime 1746126557.051841
File /Users/mac/Desktop/healthcare app/myenv/lib/python3.13/site-packages/click/types.py first seen with mtime 1741413491.415241
File /Users/mac/Desktop/healthcare app/myenv/lib/python3.13/site-packages/urllib3/util/ssltransport.py first seen with mtime 1741414831.6888835
File /Users/mac/Desktop/healthcare app/myenv/lib/python3.13/site-packages/dateutil/parser/_parser.py first seen with mtime 1741412087.9034176
File /Users/mac/Desktop/healthcare app/myenv/lib/python3.13/site-packages/numpy/_core/printoptions.py first seen with mtime 1741412084.3227863
File /Users/mac/Desktop/healthcare app/myenv/lib/python3.13/site-packages/scipy/sparse/_extract.py first seen with mtime 1741412086.135873
File /Users/mac/Desktop/healthcare app/myenv/lib/python3.13/site-packages/pandas/core/dtypes/common.py first seen with mtime 1741412089.126936
File /Users/mac/Desktop/healthcare app/myenv/lib/python3.13/site-packages/scipy/sparse/linalg/_matfuncs.py first seen with mtime 1741412086.1368065
File /Users/mac/Desktop/healthcare app/myenv/lib/python3.13/site-packages/scipy/special/add_newdocs.py first seen with mtime 1741412086.0658681
File /Users/mac/Desktop/healthcare app/myenv/lib/python3.13/site-packages/numpy/_utils/_inspect.py first seen with mtime 1741412084.301991
File /Users/mac/Desktop/healthcare app/myenv/lib/python3.13/site-packages/rest_framework/schemas/utils.py first seen with mtime 1741700066.5719223
File /Users/mac/Desktop/healthcare app/myenv/lib/python3.13/site-packages/pandas/_libs/pandas_datetime.cpython-313-darwin.so first seen with mtime 1741412089.3616698
File /Users/mac/Desktop/healthcare app/myenv/lib/python3.13/site-packages/pandas/_libs/tslibs/__init__.py first seen with mtime 1741412089.3908634
File /Library/Frameworks/Python.framework/Versions/3.13/lib/python3.13/platform.py first seen with mtime 1728279722.0
File /Users/mac/Desktop/healthcare app/myenv/lib/python3.13/site-packages/scipy/sparse/csr.py first seen with mtime 1741412086.1348147
File /Users/mac/Desktop/healthcare app/myenv/lib/python3.13/site-packages/rest_framework/metadata.py first seen with mtime 1741700066.5514295
File /Users/mac/Desktop/healthcare app/myenv/lib/python3.13/site-packages/twisted/python/_tzhelper.py first seen with mtime 1746126557.123361
File /Users/mac/Desktop/healthcare app/myenv/lib/python3.13/site-packages/daphne/utils.py first seen with mtime 1746126559.3336918
File /Users/mac/Desktop/healthcare app/myenv/lib/python3.13/site-packages/numpy/_globals.py first seen with mtime 1741412084.2988374
File /Users/mac/Desktop/healthcare app/myenv/lib/python3.13/site-packages/twisted/logger/_io.py first seen with mtime 1746126557.094694
File /Users/mac/Desktop/healthcare app/myenv/lib/python3.13/site-packages/zope/interface/adapter.py first seen with mtime 1746126556.7923222
File /Users/mac/Desktop/healthcare app/myenv/lib/python3.13/site-packages/django/contrib/auth/middleware.py first seen with mtime 1741430604.5588894
File /Users/mac/Desktop/healthcare app/myenv/lib/python3.13/site-packages/django/utils/timezone.py first seen with mtime 1741430605.0475347
File /Users/mac/Desktop/healthcare app/myenv/lib/python3.13/site-packages/seaborn/external/docscrape.py first seen with mtime 1741412092.6705425
File /Users/mac/Desktop/healthcare app/myenv/lib/python3.13/site-packages/twisted/internet/_signals.py first seen with mtime 1746126557.0757935
File /Users/mac/Desktop/healthcare app/myenv/lib/python3.13/site-packages/numpy/core/__init__.py first seen with mtime 1741412084.303407
File /Users/mac/Desktop/healthcare app/myenv/lib/python3.13/site-packages/pandas/_libs/window/indexers.cpython-313-darwin.so first seen with mtime 1741412089.3836334
File /Users/mac/Desktop/healthcare app/myenv/lib/python3.13/site-packages/pandas/core/arrays/datetimelike.py first seen with mtime 1741412089.1596196
File /Users/mac/Desktop/healthcare app/myenv/lib/python3.13/site-packages/scipy/optimize/_trustregion_constr/tr_interior_point.py first seen with mtime 1741412085.9771757
File /Users/mac/Desktop/healthcare app/myenv/lib/python3.13/site-packages/django/contrib/contenttypes/forms.py first seen with mtime 1741430604.6104426
File /Users/mac/Desktop/healthcare app/myenv/lib/python3.13/site-packages/numpy/lib/_arraysetops_impl.py first seen with mtime 1741412084.392181
File /Users/mac/Desktop/healthcare app/myenv/lib/python3.13/site-packages/scipy/sparse/linalg/_isolve/minres.py first seen with mtime 1741412086.1476796
File /Users/mac/Desktop/healthcare app/myenv/lib/python3.13/site-packages/pandas/core/arrays/interval.py first seen with mtime 1741412089.156567
File /Users/mac/Desktop/healthcare app/myenv/lib/python3.13/site-packages/django/views/i18n.py first seen with mtime 1741430605.0500946
File /Users/mac/Desktop/healthcare app/myenv/lib/python3.13/site-packages/txaio/tx.py first seen with mtime 1746126556.0601165
File /Users/mac/Desktop/healthcare app/myenv/lib/python3.13/site-packages/django/utils/encoding.py first seen with mtime 1741430605.0419922
File /Users/mac/Desktop/healthcare app/myenv/lib/python3.13/site-packages/autobahn/exception.py first seen with mtime 1746126558.9637847
File /Users/mac/Desktop/healthcare app/myenv/lib/python3.13/site-packages/urllib3/util/timeout.py first seen with mtime 1741414831.6892197
File /Users/mac/Desktop/healthcare app/myenv/lib/python3.13/site-packages/_plotly_utils/basevalidators.py first seen with mtime 1742030805.4196057
File /Users/mac/Desktop/healthcare app/myenv/lib/python3.13/site-packages/scipy/stats/_sobol.cpython-313-darwin.so first seen with mtime 1741412086.2023554
File /Users/mac/Desktop/healthcare app/myenv/lib/python3.13/site-packages/scipy/ndimage/fourier.py first seen with mtime 1741412085.9034312
File /Users/mac/Desktop/healthcare app/myenv/lib/python3.13/site-packages/seaborn/cm.py first seen with mtime 1741412092.6610918
File /Users/mac/Desktop/healthcare app/myenv/lib/python3.13/site-packages/twisted/internet/process.py first seen with mtime 1746126557.0796752
File /Users/mac/Desktop/healthcare app/myenv/lib/python3.13/site-packages/django/db/migrations/migration.py first seen with mtime 1741430604.9995701
File /Users/mac/Desktop/healthcare app/myenv/lib/python3.13/site-packages/matplotlib/category.py first seen with mtime 1741412091.836253
File /Users/mac/Desktop/healthcare app/myenv/lib/python3.13/site-packages/scipy/linalg/interpolative.py first seen with mtime 1741412085.9142897
File /Library/Frameworks/Python.framework/Versions/3.13/lib/python3.13/asyncio/locks.py first seen with mtime 1728279722.0
File /Users/mac/Desktop/healthcare app/myenv/lib/python3.13/site-packages/pandas/_libs/hashing.cpython-313-darwin.so first seen with mtime 1741412089.380883
File /Users/mac/Desktop/healthcare app/myenv/lib/python3.13/site-packages/numpy/_expired_attrs_2_0.py first seen with mtime 1741412084.3009462
File /Users/mac/Desktop/healthcare app/myenv/lib/python3.13/site-packages/django/views/defaults.py first seen with mtime 1741430605.0499296
File /Users/mac/Desktop/healthcare app/myenv/lib/python3.13/site-packages/plotly/data/__init__.py first seen with mtime 1742030805.4257874
File /Users/mac/Desktop/healthcare app/myenv/lib/python3.13/site-packages/pandas/io/common.py first seen with mtime 1741412089.1693866
File /Users/mac/Desktop/healthcare app/myenv/lib/python3.13/site-packages/pandas/testing.py first seen with mtime 1741412089.1124735
File /Users/mac/Desktop/healthcare app/myenv/lib/python3.13/site-packages/django/core/management/__init__.py first seen with mtime 1741430604.9810326
File /Users/mac/Desktop/healthcare app/myenv/lib/python3.13/site-packages/zope/interface/interfaces.py first seen with mtime 1746126556.7931724
File /Users/mac/Desktop/healthcare app/myenv/lib/python3.13/site-packages/numpy/_core/_dtype.py first seen with mtime 1741412084.3104465
File /Users/mac/Desktop/healthcare app/myenv/lib/python3.13/site-packages/scipy/sparse/linalg/_propack/_dpropack.cpython-313-darwin.so first seen with mtime 1741412086.143349
File /Users/mac/Desktop/healthcare app/myenv/lib/python3.13/site-packages/numpy/_core/_methods.py first seen with mtime 1741412084.3111641
File /Users/mac/Desktop/healthcare app/myenv/lib/python3.13/site-packages/pandas/_libs/tslibs/nattype.cpython-313-darwin.so first seen with mtime 1741412089.3848543
File /Users/mac/Desktop/healthcare app/myenv/lib/python3.13/site-packages/scipy/cluster/_vq.cpython-313-darwin.so first seen with mtime 1741412085.8979678
File /Library/Frameworks/Python.framework/Versions/3.13/lib/python3.13/asyncio/trsock.py first seen with mtime 1728279722.0
File /Library/Frameworks/Python.framework/Versions/3.13/lib/python3.13/ctypes/__init__.py first seen with mtime 1728279722.0
File /Users/mac/Desktop/healthcare app/myenv/lib/python3.13/site-packages/cryptography/hazmat/primitives/asymmetric/__init__.py first seen with mtime 1746126558.754237
File /Users/mac/Desktop/healthcare app/myenv/lib/python3.13/site-packages/django/contrib/sites/shortcuts.py first seen with mtime 1741430604.924649
File /Users/mac/Desktop/healthcare app/myenv/lib/python3.13/site-packages/django/db/models/options.py first seen with mtime 1741430605.0042887
File /Users/mac/Desktop/healthcare app/myenv/lib/python3.13/site-packages/pandas/core/sorting.py first seen with mtime 1741412089.1164372
File /Users/mac/Desktop/healthcare app/myenv/lib/python3.13/site-packages/scipy/stats/_correlation.py first seen with mtime 1741412086.206474
File /Users/mac/Desktop/healthcare app/myenv/lib/python3.13/site-packages/django/db/models/sql/__init__.py first seen with mtime 1741430605.008378
File /Users/mac/Desktop/healthcare app/myenv/lib/python3.13/site-packages/scipy/_lib/messagestream.cpython-313-darwin.so first seen with mtime 1741412086.0497463
File /Users/mac/Desktop/healthcare app/myenv/lib/python3.13/site-packages/pandas/core/sample.py first seen with mtime 1741412089.1177452
File /Library/Frameworks/Python.framework/Versions/3.13/lib/python3.13/importlib/metadata/_collections.py first seen with mtime 1728279722.0
File /Users/mac/Desktop/healthcare app/myenv/lib/python3.13/site-packages/django/contrib/admin/templatetags/__init__.py first seen with mtime 1741430604.5051448
File /Users/mac/Desktop/healthcare app/myenv/lib/python3.13/site-packages/autobahn/websocket/interfaces.py first seen with mtime 1746126558.993327
File /Users/mac/Desktop/healthcare app/myenv/lib/python3.13/site-packages/scipy/optimize/_highspy/_highs_wrapper.py first seen with mtime 1741412085.9633143
File /Users/mac/Desktop/healthcare app/myenv/lib/python3.13/site-packages/django/conf/global_settings.py first seen with mtime 1741430604.3378472
File /Users/mac/Desktop/healthcare app/myenv/lib/python3.13/site-packages/django/core/checks/security/__init__.py first seen with mtime 1741430604.9751868
File /Users/mac/Desktop/healthcare app/myenv/lib/python3.13/site-packages/rest_framework/validators.py first seen with mtime 1741700066.5542762
File /Users/mac/Desktop/healthcare app/myenv/lib/python3.13/site-packages/scipy/stats/_tukeylambda_stats.py first seen with mtime 1741412086.1966026
File /Library/Frameworks/Python.framework/Versions/3.13/lib/python3.13/asyncio/staggered.py first seen with mtime 1728279722.0
File /Users/mac/Desktop/healthcare app/myenv/lib/python3.13/site-packages/constantly/_version.py first seen with mtime 1746126556.7238526
File /Users/mac/Desktop/healthcare app/myenv/lib/python3.13/site-packages/plotly/graph_objs/_scattergl.py first seen with mtime 1742030805.4434865
File /Library/Frameworks/Python.framework/Versions/3.13/lib/python3.13/pprint.py first seen with mtime 1728279722.0
File /Users/mac/Desktop/healthcare app/myenv/lib/python3.13/site-packages/attrs/filters.py first seen with mtime 1746126556.769927
File /Users/mac/Desktop/healthcare app/myenv/lib/python3.13/site-packages/PIL/GimpGradientFile.py first seen with mtime 1741412084.122936
File /Users/mac/Desktop/healthcare app/myenv/lib/python3.13/site-packages/cryptography/hazmat/primitives/constant_time.py first seen with mtime 1746126558.7526782
File /Users/mac/Desktop/healthcare app/myenv/lib/python3.13/site-packages/pandas/core/arrays/boolean.py first seen with mtime 1741412089.157799
File /Library/Frameworks/Python.framework/Versions/3.13/lib/python3.13/uuid.py first seen with mtime 1728279722.0
File /Users/mac/Desktop/healthcare app/myenv/lib/python3.13/site-packages/narwhals/functions.py first seen with mtime 1742030805.1951993
File /Users/mac/Desktop/healthcare app/myenv/lib/python3.13/site-packages/charset_normalizer/api.py first seen with mtime 1741414831.7687852
File /Users/mac/Desktop/healthcare app/myenv/lib/python3.13/site-packages/numpy/lib/array_utils.py first seen with mtime 1741412084.392818
File /Users/mac/Desktop/healthcare app/myenv/lib/python3.13/site-packages/pandas/io/orc.py first seen with mtime 1741412089.1678522
File /Users/mac/Desktop/healthcare app/myenv/lib/python3.13/site-packages/scipy/linalg/_solve_toeplitz.cpython-313-darwin.so first seen with mtime 1741412085.9123714
File /Users/mac/Desktop/healthcare app/myenv/lib/python3.13/site-packages/scipy/sparse/csgraph/_validation.py first seen with mtime 1741412086.156137
File /Users/mac/Desktop/healthcare app/myenv/lib/python3.13/site-packages/scipy/special/_ellip_harm_2.cpython-313-darwin.so first seen with mtime 1741412086.0730941
File /Users/mac/Desktop/healthcare app/myenv/lib/python3.13/site-packages/scipy/spatial/transform/_rotation_spline.py first seen with mtime 1741412086.17955
File /Users/mac/Desktop/healthcare app/myenv/lib/python3.13/site-packages/plotly/graph_objs/_violin.py first seen with mtime 1742030805.4474611
File /Users/mac/Desktop/healthcare app/myenv/lib/python3.13/site-packages/requests/utils.py first seen with mtime 1741414831.7944696
File /Users/mac/Desktop/healthcare app/myenv/lib/python3.13/site-packages/django/urls/exceptions.py first seen with mtime 1741430605.0366912
File /Users/mac/Desktop/healthcare app/myenv/lib/python3.13/site-packages/scipy/optimize/_differentiable_functions.py first seen with mtime 1741412085.9373655
File /Library/Frameworks/Python.framework/Versions/3.13/lib/python3.13/fileinput.py first seen with mtime 1728279722.0
File /Users/mac/Desktop/healthcare app/myenv/lib/python3.13/site-packages/scipy/linalg/basic.py first seen with mtime 1741412085.9139764
File /Users/mac/Desktop/healthcare app/myenv/lib/python3.13/site-packages/scipy/linalg/_decomp_interpolative.cpython-313-darwin.so first seen with mtime 1741412085.9096491
File /Users/mac/Desktop/healthcare app/myenv/lib/python3.13/site-packages/rest_framework/utils/representation.py first seen with mtime 1741700066.5890949
File /Users/mac/Desktop/healthcare app/myenv/lib/python3.13/site-packages/scipy/integrate/_ivp/bdf.py first seen with mtime 1741412085.9861407
File /Users/mac/Desktop/healthcare app/myenv/lib/python3.13/site-packages/numpy/f2py/f90mod_rules.py first seen with mtime 1741412084.371857
File /Library/Frameworks/Python.framework/Versions/3.13/lib/python3.13/asyncio/coroutines.py first seen with mtime 1728279722.0
File /Users/mac/Desktop/healthcare app/myenv/lib/python3.13/site-packages/scipy/special/_special_ufuncs.cpython-313-darwin.so first seen with mtime 1741412086.072432
File /Users/mac/Desktop/healthcare app/myenv/lib/python3.13/site-packages/twisted/web/http.py first seen with mtime 1746126557.168035
File /Users/mac/Desktop/healthcare app/myenv/lib/python3.13/site-packages/rest_framework/status.py first seen with mtime 1741700066.5533884
File /Users/mac/Desktop/healthcare app/myenv/lib/python3.13/site-packages/matplotlib/quiver.py first seen with mtime 1741412091.7975452
File /Users/mac/Desktop/healthcare app/myenv/lib/python3.13/site-packages/twisted/logger/_interfaces.py first seen with mtime 1746126557.094585
File /Users/mac/Desktop/healthcare app/myenv/lib/python3.13/site-packages/matplotlib/tri/_tricontour.py first seen with mtime 1741412091.8396485
File /Library/Frameworks/Python.framework/Versions/3.13/lib/python3.13/asyncio/exceptions.py first seen with mtime 1728279722.0
File /Users/mac/Desktop/healthcare app/myenv/lib/python3.13/site-packages/twisted/python/runtime.py first seen with mtime 1746126557.1262777
File /Users/mac/Desktop/healthcare app/myenv/lib/python3.13/site-packages/django/core/files/storage/mixins.py first seen with mtime 1741430604.9780943
File /Users/mac/Desktop/healthcare app/myenv/lib/python3.13/site-packages/django/template/loader_tags.py first seen with mtime 1741430605.030222
File /Users/mac/Desktop/healthcare app/myenv/lib/python3.13/site-packages/scipy/stats/_stats.cpython-313-darwin.so first seen with mtime 1741412086.2077222
File /Library/Frameworks/Python.framework/Versions/3.13/lib/python3.13/shlex.py first seen with mtime 1728279722.0
File /Users/mac/Desktop/healthcare app/myenv/lib/python3.13/site-packages/numpy/linalg/_umath_linalg.cpython-313-darwin.so first seen with mtime 1741412084.305684
File /Users/mac/Desktop/healthcare app/myenv/lib/python3.13/site-packages/cryptography/hazmat/primitives/asymmetric/ed25519.py first seen with mtime 1746126558.7549798
File /Users/mac/Desktop/healthcare app/myenv/lib/python3.13/site-packages/matplotlib/__init__.py first seen with mtime 1741412091.8102095
File /Users/mac/Desktop/healthcare app/myenv/lib/python3.13/site-packages/pandas/io/sas/__init__.py first seen with mtime 1741412089.1776085
File /Users/mac/Desktop/healthcare app/myenv/lib/python3.13/site-packages/twisted/internet/interfaces.py first seen with mtime 1746126557.0790925
File /Users/mac/Desktop/healthcare app/myenv/lib/python3.13/site-packages/matplotlib/projections/__init__.py first seen with mtime 1741412091.8710587
File /Users/mac/Desktop/healthcare app/myenv/lib/python3.13/site-packages/scipy/_distributor_init.py first seen with mtime 1741412085.8946538
File /Users/mac/Desktop/healthcare app/myenv/lib/python3.13/site-packages/scipy/sparse/linalg/_eigen/arpack/_arpack.cpython-313-darwin.so first seen with mtime 1741412086.1389961
File /Users/mac/Desktop/healthcare app/myenv/lib/python3.13/site-packages/django/contrib/admin/utils.py first seen with mtime 1741430604.4010646
File /Users/mac/Desktop/healthcare app/myenv/lib/python3.13/site-packages/scipy/optimize/cobyla.py first seen with mtime 1741412085.9364176
File /Users/mac/Desktop/healthcare app/myenv/lib/python3.13/site-packages/scipy/spatial/_plotutils.py first seen with mtime 1741412086.169294
File /Users/mac/Desktop/healthcare app/myenv/lib/python3.13/site-packages/django/shortcuts.py first seen with mtime 1741430604.3372035
File /Users/mac/Desktop/healthcare app/myenv/lib/python3.13/site-packages/matplotlib/_tight_layout.py first seen with mtime 1741412091.7956538
File /Users/mac/Desktop/healthcare app/myenv/lib/python3.13/site-packages/scipy/optimize/_group_columns.cpython-313-darwin.so first seen with mtime 1741412085.9324942
File /Users/mac/Desktop/healthcare app/myenv/lib/python3.13/site-packages/matplotlib/cm.py first seen with mtime 1741412091.809216
File /Users/mac/Desktop/healthcare app/myenv/lib/python3.13/site-packages/seaborn/_statistics.py first seen with mtime 1741412092.6600163
File /Users/mac/Desktop/healthcare app/myenv/lib/python3.13/site-packages/pandas/io/formats/format.py first seen with mtime 1741412089.172506
File /Library/Frameworks/Python.framework/Versions/3.13/lib/python3.13/wsgiref/handlers.py first seen with mtime 1728279722.0
File /Users/mac/Desktop/healthcare app/myenv/lib/python3.13/site-packages/sqlparse/filters/__init__.py first seen with mtime 1741430604.290657
File /Users/mac/Desktop/healthcare app/myenv/lib/python3.13/site-packages/plotly/io/_templates.py first seen with mtime 1742030805.66944
File /Users/mac/Desktop/healthcare app/myenv/lib/python3.13/site-packages/scipy/spatial/_ckdtree.cpython-313-darwin.so first seen with mtime 1741412086.1670697
File /Users/mac/Desktop/healthcare app/myenv/lib/python3.13/site-packages/django/template/smartif.py first seen with mtime 1741430605.030741
File /Users/mac/Desktop/healthcare app/myenv/lib/python3.13/site-packages/sqlparse/filters/aligned_indent.py first seen with mtime 1741430604.29088
File /Users/mac/Desktop/healthcare app/myenv/lib/python3.13/site-packages/cryptography/hazmat/decrepit/__init__.py first seen with mtime 1746126558.7399123
File /Users/mac/Desktop/healthcare app/myenv/lib/python3.13/site-packages/twisted/internet/fdesc.py first seen with mtime 1746126557.0781446
File /Users/mac/Desktop/healthcare app/myenv/lib/python3.13/site-packages/django/db/backends/base/__init__.py first seen with mtime 1741430604.989239
File /Users/mac/Desktop/healthcare app/myenv/lib/python3.13/site-packages/django/utils/deprecation.py first seen with mtime 1741430605.041749
File /Users/mac/Desktop/healthcare app/myenv/lib/python3.13/site-packages/django/utils/regex_helper.py first seen with mtime 1741430605.04587
File /Users/mac/Desktop/healthcare app/myenv/lib/python3.13/site-packages/requests/packages.py first seen with mtime 1741414831.7938695
File /Users/mac/Desktop/healthcare app/myenv/lib/python3.13/site-packages/scipy/interpolate/_fitpack_py.py first seen with mtime 1741412086.1160583
File /Users/mac/Desktop/healthcare app/myenv/lib/python3.13/site-packages/PIL/ImageSequence.py first seen with mtime 1741412084.129339
File /Users/mac/Desktop/healthcare app/myenv/lib/python3.13/site-packages/scipy/constants/constants.py first seen with mtime 1741412085.9883852
File /Users/mac/Desktop/healthcare app/myenv/lib/python3.13/site-packages/scipy/spatial/__init__.py first seen with mtime 1741412086.1657872
File /Users/mac/Desktop/healthcare app/myenv/lib/python3.13/site-packages/scipy/integrate/vode.py first seen with mtime 1741412085.9815485
File /Users/mac/Desktop/healthcare app/myenv/lib/python3.13/site-packages/scipy/integrate/_ode.py first seen with mtime 1741412085.9798615
File /Users/mac/Desktop/healthcare app/myenv/lib/python3.13/site-packages/scipy/linalg/_decomp_cossin.py first seen with mtime 1741412085.916117
File /Users/mac/Desktop/healthcare app/myenv/lib/python3.13/site-packages/mpl_toolkits/mplot3d/axis3d.py first seen with mtime 1741412091.7831244
File /Users/mac/Desktop/healthcare app/myenv/lib/python3.13/site-packages/twisted/logger/_format.py first seen with mtime 1746126557.0943513
File /Users/mac/Desktop/healthcare app/myenv/lib/python3.13/site-packages/scipy/stats/_mvn.cpython-313-darwin.so first seen with mtime 1741412086.1954026
File /Users/mac/Desktop/healthcare app/myenv/lib/python3.13/site-packages/urllib3/util/retry.py first seen with mtime 1741414831.6879988
File /Users/mac/Desktop/healthcare app/myenv/lib/python3.13/site-packages/daphne/ws_protocol.py first seen with mtime 1746126559.334017
File /Users/mac/Desktop/healthcare app/myenv/lib/python3.13/site-packages/pandas/core/indexes/period.py first seen with mtime 1741412089.164561
File /Users/mac/Desktop/healthcare app/myenv/lib/python3.13/site-packages/plotly/express/_doc.py first seen with mtime 1742030805.4264643
File /Users/mac/Desktop/healthcare app/myenv/lib/python3.13/site-packages/scipy/interpolate/_rbfinterp.py first seen with mtime 1741412086.1054752
File /Users/mac/Desktop/healthcare app/myenv/lib/python3.13/site-packages/pandas/util/version/__init__.py first seen with mtime 1741412089.1675675
File /Users/mac/Desktop/healthcare app/myenv/lib/python3.13/site-packages/zope/interface/declarations.py first seen with mtime 1746126556.79259
File /Users/mac/Desktop/healthcare app/myenv/lib/python3.13/site-packages/django/db/backends/sqlite3/schema.py first seen with mtime 1741430604.9983494
File /Users/mac/Desktop/healthcare app/myenv/lib/python3.13/site-packages/django/db/migrations/operations/special.py first seen with mtime 1741430605.0021818
File /Library/Frameworks/Python.framework/Versions/3.13/lib/python3.13/zoneinfo/__init__.py first seen with mtime 1728279722.0
File /Users/mac/Desktop/healthcare app/myenv/lib/python3.13/site-packages/cryptography/hazmat/__init__.py first seen with mtime 1746126558.742223
File /Users/mac/Desktop/healthcare app/myenv/lib/python3.13/site-packages/pandas/plotting/_misc.py first seen with mtime 1741412089.3991961
File /Users/mac/Desktop/healthcare app/myenv/lib/python3.13/site-packages/scipy/sparse/_coo.py first seen with mtime 1741412086.1335492
File /Users/mac/Desktop/healthcare app/myenv/lib/python3.13/site-packages/pandas/io/sql.py first seen with mtime 1741412089.1698835
File /Users/mac/Desktop/healthcare app/myenv/lib/python3.13/site-packages/django/contrib/messages/storage/__init__.py first seen with mtime 1741430604.8005388
File /Users/mac/Desktop/healthcare app/myenv/lib/python3.13/site-packages/scipy/sparse/linalg/_isolve/iterative.py first seen with mtime 1741412086.1471088
File /Library/Frameworks/Python.framework/Versions/3.13/lib/python3.13/encodings/aliases.py first seen with mtime 1728279722.0
File /Users/mac/Desktop/healthcare app/myenv/lib/python3.13/site-packages/numpy/testing/overrides.py first seen with mtime 1741412084.3887093
File /Users/mac/Desktop/healthcare app/myenv/lib/python3.13/site-packages/scipy/_lib/array_api_compat/common/__init__.py first seen with mtime 1741412086.0543427
File /Users/mac/Desktop/healthcare app/myenv/lib/python3.13/site-packages/plotly/basedatatypes.py first seen with mtime 1742030805.423072
File /Users/mac/Desktop/healthcare app/myenv/lib/python3.13/site-packages/django/contrib/auth/apps.py first seen with mtime 1741430604.5573967
File /Users/mac/Desktop/healthcare app/myenv/lib/python3.13/site-packages/attr/converters.py first seen with mtime 1746126556.766934
File /Users/mac/Desktop/healthcare app/myenv/lib/python3.13/site-packages/pandas/core/arrays/arrow/accessors.py first seen with mtime 1741412089.1603725
File /Users/mac/Desktop/healthcare app/myenv/lib/python3.13/site-packages/scipy/optimize/_hessian_update_strategy.py first seen with mtime 1741412085.9360273
File /Users/mac/Desktop/healthcare app/myenv/lib/python3.13/site-packages/scipy/stats/_odds_ratio.py first seen with mtime 1741412086.1980886
File /Users/mac/Desktop/healthcare app/myenv/lib/python3.13/site-packages/scipy/integrate/_quad_vec.py first seen with mtime 1741412085.9819348
File /Users/mac/Desktop/healthcare app/myenv/lib/python3.13/site-packages/scipy/integrate/quadpack.py first seen with mtime 1741412085.981036
File /Users/mac/Desktop/healthcare app/myenv/lib/python3.13/site-packages/scipy/optimize/_lsq/trf.py first seen with mtime 1741412085.9759936
File /Users/mac/Desktop/healthcare app/myenv/lib/python3.13/site-packages/matplotlib/dviread.py first seen with mtime 1741412091.8207586
File /Users/mac/Desktop/healthcare app/myenv/lib/python3.13/site-packages/requests/api.py first seen with mtime 1741414831.7921321
File /Users/mac/Desktop/healthcare app/myenv/lib/python3.13/site-packages/scipy/__init__.py first seen with mtime 1741412085.894562
File /Users/mac/Desktop/healthcare app/myenv/lib/python3.13/site-packages/scipy/integrate/_rules/_genz_malik.py first seen with mtime 1741412085.9856188
File /Users/mac/Desktop/healthcare app/myenv/lib/python3.13/site-packages/numpy/_core/memmap.py first seen with mtime 1741412084.313558
File /Users/mac/Desktop/healthcare app/myenv/lib/python3.13/site-packages/django/contrib/contenttypes/fields.py first seen with mtime 1741430604.6103237
File /Users/mac/Desktop/healthcare app/myenv/lib/python3.13/site-packages/django/db/backends/sqlite3/_functions.py first seen with mtime 1741430604.997237
File /Users/mac/Desktop/healthcare app/myenv/lib/python3.13/site-packages/narwhals/series_dt.py first seen with mtime 1742030805.1960163
File /Users/mac/Desktop/healthcare app/myenv/lib/python3.13/site-packages/scipy/optimize/slsqp.py first seen with mtime 1741412085.9341145
File /Users/mac/Desktop/healthcare app/myenv/lib/python3.13/site-packages/django/contrib/admin/apps.py first seen with mtime 1741430604.39905
File /Users/mac/Desktop/healthcare app/myenv/lib/python3.13/site-packages/django/utils/translation/__init__.py first seen with mtime 1741430605.0483916
File /Users/mac/Desktop/healthcare app/myenv/lib/python3.13/site-packages/zope/interface/ro.py first seen with mtime 1746126556.7933877
File /Users/mac/Desktop/healthcare app/myenv/lib/python3.13/site-packages/django/middleware/cache.py first seen with mtime 1741430605.027411
File /Users/mac/Desktop/healthcare app/myenv/lib/python3.13/site-packages/twisted/internet/_multicast.py first seen with mtime 1746126557.0746849
File /Users/mac/Desktop/healthcare app/myenv/lib/python3.13/site-packages/cryptography/hazmat/primitives/__init__.py first seen with mtime 1746126558.749985
File /Users/mac/Desktop/healthcare app/myenv/lib/python3.13/site-packages/matplotlib/colors.py first seen with mtime 1741412091.8373759
File /Users/mac/Desktop/healthcare app/myenv/lib/python3.13/site-packages/cryptography/x509/oid.py first seen with mtime 1746126558.7693932
File /Users/mac/Desktop/healthcare app/myenv/lib/python3.13/site-packages/narwhals/__init__.py first seen with mtime 1742030805.1923316
File /Users/mac/Desktop/healthcare app/myenv/lib/python3.13/site-packages/pandas/compat/pickle_compat.py first seen with mtime 1741412089.1133506
File /Users/mac/Desktop/healthcare app/myenv/lib/python3.13/site-packages/pandas/core/dtypes/dtypes.py first seen with mtime 1741412089.126712
File /Users/mac/Desktop/healthcare app/myenv/lib/python3.13/site-packages/scipy/integrate/_bvp.py first seen with mtime 1741412085.982344
File /Users/mac/Desktop/healthcare app/myenv/lib/python3.13/site-packages/scipy/sparse/linalg/dsolve.py first seen with mtime 1741412086.1372747
File /Users/mac/Desktop/healthcare app/myenv/lib/python3.13/site-packages/daphne/__init__.py first seen with mtime 1746126559.332068
File /Users/mac/Desktop/healthcare app/myenv/lib/python3.13/site-packages/django/db/migrations/operations/fields.py first seen with mtime 1741430605.0017824
File /Users/mac/Desktop/healthcare app/myenv/lib/python3.13/site-packages/seaborn/relational.py first seen with mtime 1741412092.6623397
File /Users/mac/Desktop/healthcare app/myenv/lib/python3.13/site-packages/django/utils/connection.py first seen with mtime 1741430605.0393248
File /Users/mac/Desktop/healthcare app/myenv/lib/python3.13/site-packages/pygments/modeline.py first seen with mtime 1741412251.82937
File /Users/mac/Desktop/healthcare app/myenv/lib/python3.13/site-packages/twisted/python/deprecate.py first seen with mtime 1746126557.1241312
File /Users/mac/Desktop/healthcare app/myenv/lib/python3.13/site-packages/django/contrib/auth/signals.py first seen with mtime 1741430604.5594287
File /Library/Frameworks/Python.framework/Versions/3.13/lib/python3.13/email/_parseaddr.py first seen with mtime 1728279722.0
File /Users/mac/Desktop/healthcare app/myenv/lib/python3.13/site-packages/django/contrib/auth/password_validation.py first seen with mtime 1741430604.5593379
File /Users/mac/Desktop/healthcare app/myenv/lib/python3.13/site-packages/scipy/sparse/csgraph/_tools.cpython-313-darwin.so first seen with mtime 1741412086.154223
File /Users/mac/Desktop/healthcare app/myenv/lib/python3.13/site-packages/pandas/_libs/groupby.cpython-313-darwin.so first seen with mtime 1741412089.3796573
File /Users/mac/Desktop/healthcare app/myenv/lib/python3.13/site-packages/narwhals/typing.py first seen with mtime 1742030805.1967876
File /Users/mac/Desktop/healthcare app/myenv/lib/python3.13/site-packages/numpy/f2py/symbolic.py first seen with mtime 1741412084.3713663
File /Users/mac/Desktop/healthcare app/myenv/lib/python3.13/site-packages/pandas/core/ops/docstrings.py first seen with mtime 1741412089.1625762
File /Users/mac/Desktop/healthcare app/myenv/lib/python3.13/site-packages/narwhals/stable/__init__.py first seen with mtime 1742030805.2119293
File /Users/mac/Desktop/healthcare app/myenv/lib/python3.13/site-packages/matplotlib/projections/polar.py first seen with mtime 1741412091.8707485
File /Users/mac/Desktop/healthcare app/myenv/lib/python3.13/site-packages/matplotlib/_enums.py first seen with mtime 1741412091.8170958
File /Library/Frameworks/Python.framework/Versions/3.13/lib/python3.13/zipfile/_path/__init__.py first seen with mtime 1728279722.0
File /Users/mac/Desktop/healthcare app/myenv/lib/python3.13/site-packages/scipy/interpolate/_fitpack2.py first seen with mtime 1741412086.1148193
File /Users/mac/Desktop/healthcare app/myenv/lib/python3.13/site-packages/matplotlib/axes/_base.py first seen with mtime 1741412091.840546
File /Users/mac/Desktop/healthcare app/myenv/lib/python3.13/site-packages/scipy/interpolate/fitpack.py first seen with mtime 1741412086.1132557
File /Users/mac/Desktop/healthcare app/myenv/lib/python3.13/site-packages/pandas/core/computation/pytables.py first seen with mtime 1741412089.1309955
File /Users/mac/Desktop/healthcare app/myenv/lib/python3.13/site-packages/django/contrib/staticfiles/views.py first seen with mtime 1741430604.9688885
File /Users/mac/Desktop/healthcare app/myenv/lib/python3.13/site-packages/pandas/core/reshape/encoding.py first seen with mtime 1741412089.119387
File /Library/Frameworks/Python.framework/Versions/3.13/lib/python3.13/contextvars.py first seen with mtime 1728279722.0
File /Users/mac/Desktop/healthcare app/myenv/lib/python3.13/site-packages/pandas/core/arrays/timedeltas.py first seen with mtime 1741412089.1567905
File /Users/mac/Desktop/healthcare app/myenv/lib/python3.13/site-packages/scipy/special/_comb.cpython-313-darwin.so first seen with mtime 1741412086.0606518
File /Users/mac/Desktop/healthcare app/myenv/lib/python3.13/site-packages/scipy/ndimage/interpolation.py first seen with mtime 1741412085.8999538
File /Users/mac/Desktop/healthcare app/myenv/lib/python3.13/site-packages/twisted/internet/_producer_helpers.py first seen with mtime 1746126557.0754802
File /Users/mac/Desktop/healthcare app/myenv/lib/python3.13/site-packages/twisted/internet/endpoints.py first seen with mtime 1746126557.0776308
File /Users/mac/Desktop/healthcare app/myenv/lib/python3.13/site-packages/numpy/random/__init__.py first seen with mtime 1741412084.4093397
File /Users/mac/Desktop/healthcare app/myenv/lib/python3.13/site-packages/scipy/optimize/_lbfgsb.cpython-313-darwin.so first seen with mtime 1741412085.9378371
File /Users/mac/Desktop/healthcare app/myenv/lib/python3.13/site-packages/cycler/__init__.py first seen with mtime 1741412085.882957
File /Library/Frameworks/Python.framework/Versions/3.13/lib/python3.13/gettext.py first seen with mtime 1728279722.0
File /Users/mac/Desktop/healthcare app/myenv/lib/python3.13/site-packages/rest_framework/schemas/inspectors.py first seen with mtime 1741700066.5717204
File /Users/mac/Desktop/healthcare app/myenv/lib/python3.13/site-packages/scipy/interpolate/fitpack2.py first seen with mtime 1741412086.1161327
File /Users/mac/Desktop/healthcare app/myenv/lib/python3.13/site-packages/narwhals/expr_name.py first seen with mtime 1742030805.1945696
File /Users/mac/Desktop/healthcare app/myenv/lib/python3.13/site-packages/pandas/core/window/doc.py first seen with mtime 1741412089.1486201
File /Users/mac/Desktop/healthcare app/myenv/lib/python3.13/site-packages/cryptography/hazmat/primitives/kdf/__init__.py first seen with mtime 1746126558.7431374
File /Library/Frameworks/Python.framework/Versions/3.13/lib/python3.13/hashlib.py first seen with mtime 1728279722.0
File /Users/mac/Desktop/healthcare app/myenv/lib/python3.13/site-packages/pandas/core/window/expanding.py first seen with mtime 1741412089.149009
File /Users/mac/Desktop/healthcare app/myenv/lib/python3.13/site-packages/django/db/backends/postgresql/__init__.py first seen with mtime 1741430604.9958801
File /Users/mac/Desktop/healthcare app/myenv/lib/python3.13/site-packages/numpy/_core/overrides.py first seen with mtime 1741412084.313767
File /Users/mac/Desktop/healthcare app/myenv/lib/python3.13/site-packages/_plotly_utils/__init__.py first seen with mtime 1742030805.4193914
File /Users/mac/Desktop/healthcare app/myenv/lib/python3.13/site-packages/django/utils/hashable.py first seen with mtime 1741430605.0425024
File /Users/mac/Desktop/healthcare app/myenv/lib/python3.13/site-packages/scipy/fft/__init__.py first seen with mtime 1741412086.1197486
File /Users/mac/Desktop/healthcare app/myenv/lib/python3.13/site-packages/django/utils/functional.py first seen with mtime 1741430605.0424023
File /Users/mac/Desktop/healthcare app/myenv/lib/python3.13/site-packages/pandas/core/__init__.py first seen with mtime 1741412089.116481
File /Users/mac/Desktop/healthcare app/myenv/lib/python3.13/site-packages/scipy/linalg/_matfuncs_sqrtm_triu.cpython-313-darwin.so first seen with mtime 1741412085.9116845
File /Users/mac/Desktop/healthcare app/myenv/lib/python3.13/site-packages/django/core/files/storage/__init__.py first seen with mtime 1741430604.9773962
File /Users/mac/Desktop/healthcare app/myenv/lib/python3.13/site-packages/django/utils/_os.py first seen with mtime 1741430605.0372655
File /Users/mac/Desktop/healthcare app/myenv/lib/python3.13/site-packages/matplotlib/textpath.py first seen with mtime 1741412091.7973475
File /Users/mac/Desktop/healthcare app/myenv/lib/python3.13/site-packages/autobahn/wamp/message.py first seen with mtime 1746126558.9756858
File /Users/mac/Desktop/healthcare app/myenv/lib/python3.13/site-packages/django/contrib/admindocs/views.py first seen with mtime 1741430604.5072818
File /Users/mac/Desktop/healthcare app/myenv/lib/python3.13/site-packages/matplotlib/_afm.py first seen with mtime 1741412091.8089404
File /Users/mac/Desktop/healthcare app/myenv/lib/python3.13/site-packages/cryptography/hazmat/primitives/asymmetric/dsa.py first seen with mtime 1746126558.7553785
File /Users/mac/Desktop/healthcare app/myenv/lib/python3.13/site-packages/django/middleware/__init__.py first seen with mtime 1741430605.0272505
File /Users/mac/Desktop/healthcare app/myenv/lib/python3.13/site-packages/urllib3/connectionpool.py first seen with mtime 1741414831.6844237
File /Users/mac/Desktop/healthcare app/myenv/lib/python3.13/site-packages/django/conf/urls/__init__.py first seen with mtime 1741430604.3984253
File /Users/mac/Desktop/healthcare app/myenv/lib/python3.13/site-packages/urllib3/util/url.py first seen with mtime 1741414831.6894262
File /Users/mac/Desktop/healthcare app/myenv/lib/python3.13/site-packages/numpy/lib/stride_tricks.py first seen with mtime 1741412084.3955338
File /Users/mac/Desktop/healthcare app/myenv/lib/python3.13/site-packages/pandas/core/internals/blocks.py first seen with mtime 1741412089.1299732
File /Users/mac/Desktop/healthcare app/myenv/lib/python3.13/site-packages/django/contrib/admin/sites.py first seen with mtime 1741430604.4008424
File /Users/mac/Desktop/healthcare app/myenv/lib/python3.13/site-packages/scipy/sparse/linalg/_svdp.py first seen with mtime 1741412086.136977
File /Users/mac/Desktop/healthcare app/myenv/lib/python3.13/site-packages/scipy/sparse/linalg/_eigen/_svds.py first seen with mtime 1741412086.1378899
File /Users/mac/Desktop/healthcare app/myenv/lib/python3.13/site-packages/scipy/optimize/_qap.py first seen with mtime 1741412085.9423509
File /Users/mac/Desktop/healthcare app/myenv/lib/python3.13/site-packages/django/core/management/commands/__init__.py first seen with mtime 1741430604.9820993
File /Users/mac/Desktop/healthcare app/myenv/lib/python3.13/site-packages/django/views/__init__.py first seen with mtime 1741430605.049417
File /Library/Frameworks/Python.framework/Versions/3.13/lib/python3.13/http/server.py first seen with mtime 1728279722.0
File /Users/mac/Desktop/healthcare app/myenv/lib/python3.13/site-packages/pandas/core/indexes/range.py first seen with mtime 1741412089.1637187
File /Library/Frameworks/Python.framework/Versions/3.13/lib/python3.13/unittest/result.py first seen with mtime 1728279722.0
File /Users/mac/Desktop/healthcare app/myenv/lib/python3.13/site-packages/urllib3/util/proxy.py first seen with mtime 1741414831.6875224
File /Users/mac/Desktop/healthcare app/myenv/lib/python3.13/site-packages/OpenSSL/SSL.py first seen with mtime 1746126558.9273796
File /Users/mac/Desktop/healthcare app/myenv/lib/python3.13/site-packages/scipy/sparse/_compressed.py first seen with mtime 1741412086.1317809
File /Users/mac/Desktop/healthcare app/myenv/lib/python3.13/site-packages/twisted/internet/_idna.py first seen with mtime 1746126557.0745482
File /Users/mac/Desktop/healthcare app/myenv/lib/python3.13/site-packages/django/utils/formats.py first seen with mtime 1741430605.042275
File /Users/mac/Desktop/healthcare app/myenv/lib/python3.13/site-packages/twisted/internet/asyncioreactor.py first seen with mtime 1746126557.0769243
File /Users/mac/Desktop/healthcare app/myenv/lib/python3.13/site-packages/scipy/optimize/_isotonic.py first seen with mtime 1741412085.9348416
File /Users/mac/Desktop/healthcare app/myenv/lib/python3.13/site-packages/pandas/core/computation/engines.py first seen with mtime 1741412089.1310902
File /Users/mac/Desktop/healthcare app/myenv/lib/python3.13/site-packages/django/db/models/manager.py first seen with mtime 1741430605.004129
File /Users/mac/Desktop/healthcare app/myenv/lib/python3.13/site-packages/scipy/interpolate/_bspl.cpython-313-darwin.so first seen with mtime 1741412086.1090825
File /Users/mac/Desktop/healthcare app/myenv/lib/python3.13/site-packages/attr/_cmp.py first seen with mtime 1746126556.765188
File /Library/Frameworks/Python.framework/Versions/3.13/lib/python3.13/encodings/charmap.py first seen with mtime 1728279722.0
File /Users/mac/Desktop/healthcare app/myenv/lib/python3.13/site-packages/_plotly_utils/colors/plotlyjs.py first seen with mtime 1742030805.4220614
File /Users/mac/Desktop/healthcare app/myenv/lib/python3.13/site-packages/scipy/sparse/sparsetools.py first seen with mtime 1741412086.1318717
File /Library/Frameworks/Python.framework/Versions/3.13/lib/python3.13/json/encoder.py first seen with mtime 1728279722.0
File /Users/mac/Desktop/healthcare app/myenv/lib/python3.13/site-packages/matplotlib/gridspec.py first seen with mtime 1741412091.819798
File /Users/mac/Desktop/healthcare app/myenv/lib/python3.13/site-packages/scipy/__config__.py first seen with mtime 1741412085.8948545
File /Users/mac/Desktop/healthcare app/myenv/lib/python3.13/site-packages/plotly/express/_chart_types.py first seen with mtime 1742030805.4260979
File /Users/mac/Desktop/healthcare app/myenv/lib/python3.13/site-packages/twisted/logger/_buffer.py first seen with mtime 1746126557.0926611
File /Users/mac/Desktop/healthcare app/myenv/lib/python3.13/site-packages/rest_framework/apps.py first seen with mtime 1741700066.5496058
File /Users/mac/Desktop/healthcare app/myenv/lib/python3.13/site-packages/scipy/integrate/_ivp/lsoda.py first seen with mtime 1741412085.987275
File /Users/mac/Desktop/healthcare app/myenv/lib/python3.13/site-packages/scipy/sparse/linalg/_eigen/__init__.py first seen with mtime 1741412086.138213
File /Users/mac/Desktop/healthcare app/myenv/lib/python3.13/site-packages/django/db/backends/sqlite3/__init__.py first seen with mtime 1741430604.997085
File /Users/mac/Desktop/healthcare app/myenv/lib/python3.13/site-packages/scipy/optimize/_differentialevolution.py first seen with mtime 1741412085.94141
File /Users/mac/Desktop/healthcare app/myenv/lib/python3.13/site-packages/scipy/stats/_bws_test.py first seen with mtime 1741412086.209606
File /Users/mac/Desktop/healthcare app/myenv/lib/python3.13/site-packages/charset_normalizer/__init__.py first seen with mtime 1741414831.7686791
File /Library/Frameworks/Python.framework/Versions/3.13/lib/python3.13/http/cookiejar.py first seen with mtime 1728279722.0
File /Users/mac/Desktop/healthcare app/myenv/lib/python3.13/site-packages/scipy/stats/_entropy.py first seen with mtime 1741412086.2098455
File /Users/mac/Desktop/healthcare app/myenv/lib/python3.13/site-packages/pandas/core/ops/array_ops.py first seen with mtime 1741412089.1619372
File /Users/mac/Desktop/healthcare app/myenv/lib/python3.13/site-packages/scipy/sparse/csgraph/_shortest_path.cpython-313-darwin.so first seen with mtime 1741412086.1619303
File /Users/mac/Desktop/healthcare app/myenv/lib/python3.13/site-packages/sqlparse/utils.py first seen with mtime 1741430604.2900434
File /Users/mac/Desktop/healthcare app/myenv/lib/python3.13/site-packages/twisted/internet/_newtls.py first seen with mtime 1746126557.0748444
File /Users/mac/Desktop/healthcare app/myenv/lib/python3.13/site-packages/pandas/io/xml.py first seen with mtime 1741412089.168821
File /Users/mac/Desktop/healthcare app/myenv/lib/python3.13/site-packages/autobahn/wamp/websocket.py first seen with mtime 1746126558.9773324
File /Users/mac/Desktop/healthcare app/myenv/lib/python3.13/site-packages/numpy/_distributor_init.py first seen with mtime 1741412084.3000028
File /Users/mac/Desktop/healthcare app/myenv/lib/python3.13/site-packages/_plotly_utils/colors/qualitative.py first seen with mtime 1742030805.4221442
File /Users/mac/Desktop/healthcare app/myenv/lib/python3.13/site-packages/cryptography/x509/name.py first seen with mtime 1746126558.771792
File /Users/mac/Desktop/healthcare app/myenv/lib/python3.13/site-packages/twisted/internet/threads.py first seen with mtime 1746126557.0809057
File /Users/mac/Desktop/healthcare app/myenv/lib/python3.13/site-packages/matplotlib/_api/deprecation.py first seen with mtime 1741412091.8696232
File /Users/mac/Desktop/healthcare app/myenv/lib/python3.13/site-packages/pandas/io/feather_format.py first seen with mtime 1741412089.1680827
File /Library/Frameworks/Python.framework/Versions/3.13/lib/python3.13/encodings/__init__.py first seen with mtime 1728279722.0
File /Users/mac/Desktop/healthcare app/myenv/lib/python3.13/site-packages/PIL/_deprecate.py first seen with mtime 1741412084.1209383
File /Users/mac/Desktop/healthcare app/myenv/lib/python3.13/site-packages/django/utils/datastructures.py first seen with mtime 1741430605.0397425
File /Users/mac/Desktop/healthcare app/myenv/lib/python3.13/site-packages/django/utils/decorators.py first seen with mtime 1741430605.0415084
File /Users/mac/Desktop/healthcare app/myenv/lib/python3.13/site-packages/pandas/core/interchange/from_dataframe.py first seen with mtime 1741412089.1242313
File /Users/mac/Desktop/healthcare app/myenv/lib/python3.13/site-packages/urllib3/util/request.py first seen with mtime 1741414831.687755
File /Users/mac/Desktop/healthcare app/myenv/lib/python3.13/site-packages/scipy/spatial/_hausdorff.cpython-313-darwin.so first seen with mtime 1741412086.1639764
File /Users/mac/Desktop/healthcare app/myenv/lib/python3.13/site-packages/scipy/sparse/linalg/_isolve/__init__.py first seen with mtime 1741412086.1467817
File /Users/mac/Desktop/healthcare app/myenv/lib/python3.13/site-packages/numpy/lib/format.py first seen with mtime 1741412084.3940988
File /Users/mac/Desktop/healthcare app/myenv/lib/python3.13/site-packages/scipy/stats/_qmc.py first seen with mtime 1741412086.1999013
File /Users/mac/Desktop/healthcare app/myenv/lib/python3.13/site-packages/mpl_toolkits/mplot3d/proj3d.py first seen with mtime 1741412091.782601
File /Users/mac/Desktop/healthcare app/myenv/lib/python3.13/site-packages/scipy/_lib/array_api_extra/_funcs.py first seen with mtime 1741412086.0575595
File /Users/mac/Desktop/healthcare app/myenv/lib/python3.13/site-packages/django/contrib/postgres/utils.py first seen with mtime 1741430604.8042908
File /Users/mac/Desktop/healthcare app/myenv/lib/python3.13/site-packages/charset_normalizer/models.py first seen with mtime 1741414831.7685869
File /Users/mac/Desktop/healthcare app/myenv/lib/python3.13/site-packages/scipy/sparse/linalg/_dsolve/__init__.py first seen with mtime 1741412086.1496875
File /Users/mac/Desktop/healthcare app/myenv/lib/python3.13/site-packages/scipy/stats/_covariance.py first seen with mtime 1741412086.1944637
File /Users/mac/Desktop/healthcare app/myenv/lib/python3.13/site-packages/numpy/matrixlib/defmatrix.py first seen with mtime 1741412084.421446
File /Users/mac/Desktop/healthcare app/myenv/lib/python3.13/site-packages/scipy/linalg/matfuncs.py first seen with mtime 1741412085.9112659
File /Users/mac/Desktop/healthcare app/myenv/lib/python3.13/site-packages/scipy/stats/_variation.py first seen with mtime 1741412086.2086205
File /Users/mac/Desktop/healthcare app/myenv/lib/python3.13/site-packages/pandas/core/ops/missing.py first seen with mtime 1741412089.1621416
File /Users/mac/Desktop/healthcare app/myenv/lib/python3.13/site-packages/scipy/linalg/_decomp_qz.py first seen with mtime 1741412085.9175484
File /Users/mac/Desktop/healthcare app/myenv/lib/python3.13/site-packages/pandas/_libs/join.cpython-313-darwin.so first seen with mtime 1741412089.358033
File /Users/mac/Desktop/healthcare app/myenv/lib/python3.13/site-packages/twisted/web/__init__.py first seen with mtime 1746126557.1654887
File /Users/mac/Desktop/healthcare app/myenv/lib/python3.13/site-packages/autobahn/wamp/types.py first seen with mtime 1746126558.9769244
File /Users/mac/Desktop/healthcare app/myenv/lib/python3.13/site-packages/django/contrib/auth/__init__.py first seen with mtime 1741430604.5571332
File /Users/mac/Desktop/healthcare app/myenv/lib/python3.13/site-packages/scipy/optimize/_linprog_ip.py first seen with mtime 1741412085.9313357
File /Library/Frameworks/Python.framework/Versions/3.13/lib/python3.13/email/encoders.py first seen with mtime 1728279722.0
File /Users/mac/Desktop/healthcare app/myenv/lib/python3.13/site-packages/numpy/strings/__init__.py first seen with mtime 1741412084.3022056
File /Users/mac/Desktop/healthcare app/myenv/lib/python3.13/site-packages/pandas/_libs/tslibs/dtypes.cpython-313-darwin.so first seen with mtime 1741412089.3956747
File /Users/mac/Desktop/healthcare app/myenv/lib/python3.13/site-packages/scipy/stats/_crosstab.py first seen with mtime 1741412086.2007055
File /Users/mac/Desktop/healthcare app/myenv/lib/python3.13/site-packages/matplotlib/markers.py first seen with mtime 1741412091.8264606
File /Users/mac/Desktop/healthcare app/myenv/lib/python3.13/site-packages/pyparsing/core.py first seen with mtime 1741412084.0664918
File /Users/mac/Desktop/healthcare app/myenv/lib/python3.13/site-packages/requests/__version__.py first seen with mtime 1741414831.791566
File /Users/mac/Desktop/healthcare app/myenv/lib/python3.13/site-packages/pandas/io/parsers/c_parser_wrapper.py first seen with mtime 1741412089.171406
File /Users/mac/Desktop/healthcare app/myenv/lib/python3.13/site-packages/pygments/lexers/_mapping.py first seen with mtime 1741412251.8364031
File /Users/mac/Desktop/healthcare app/myenv/lib/python3.13/site-packages/pandas/io/gbq.py first seen with mtime 1741412089.1703374
File /Users/mac/Desktop/healthcare app/myenv/lib/python3.13/site-packages/scipy/ndimage/_ni_label.cpython-313-darwin.so first seen with mtime 1741412085.9013364
File /Users/mac/Desktop/healthcare app/myenv/lib/python3.13/site-packages/urllib3/util/__init__.py first seen with mtime 1741414831.6871986
File /Library/Frameworks/Python.framework/Versions/3.13/lib/python3.13/fnmatch.py first seen with mtime 1728279722.0
File /Users/mac/Desktop/healthcare app/healthcare_project/healthcare_app/views_medicine.py first seen with mtime 1741702238.9250917
File /Users/mac/Desktop/healthcare app/myenv/lib/python3.13/site-packages/django/contrib/messages/__init__.py first seen with mtime 1741430604.7991452
File /Users/mac/Desktop/healthcare app/myenv/lib/python3.13/site-packages/django/db/models/aggregates.py first seen with mtime 1741430605.0025806
File /Users/mac/Desktop/healthcare app/myenv/lib/python3.13/site-packages/matplotlib/inset.py first seen with mtime 1741412091.8178325
File /Library/Frameworks/Python.framework/Versions/3.13/lib/python3.13/lib-dynload/_multibytecodec.cpython-313-darwin.so first seen with mtime 1728280554.0
File /Users/mac/Desktop/healthcare app/myenv/lib/python3.13/site-packages/django/contrib/contenttypes/checks.py first seen with mtime 1741430604.6102183
File /Users/mac/Desktop/healthcare app/myenv/lib/python3.13/site-packages/scipy/interpolate/interpolate.py first seen with mtime 1741412086.1142023
File /Users/mac/Desktop/healthcare app/myenv/lib/python3.13/site-packages/twisted/python/systemd.py first seen with mtime 1746126557.1268141
File /Users/mac/Desktop/healthcare app/myenv/lib/python3.13/site-packages/pandas/_libs/tslibs/period.cpython-313-darwin.so first seen with mtime 1741412089.3987455
File /Library/Frameworks/Python.framework/Versions/3.13/lib/python3.13/__future__.py first seen with mtime 1728279722.0
File /Users/mac/Desktop/healthcare app/myenv/lib/python3.13/site-packages/pandas/_libs/tslibs/tzconversion.cpython-313-darwin.so first seen with mtime 1741412089.386789
File /Library/Frameworks/Python.framework/Versions/3.13/lib/python3.13/linecache.py first seen with mtime 1728279722.0
File /Users/mac/Desktop/healthcare app/myenv/lib/python3.13/site-packages/autobahn/websocket/compress_bzip2.py first seen with mtime 1746126558.9927058
File /Users/mac/Desktop/healthcare app/myenv/lib/python3.13/site-packages/twisted/internet/_baseprocess.py first seen with mtime 1746126557.0737278
File /Users/mac/Desktop/healthcare app/myenv/lib/python3.13/site-packages/django/core/checks/messages.py first seen with mtime 1741430604.9738774
File /Library/Frameworks/Python.framework/Versions/3.13/lib/python3.13/_osx_support.py first seen with mtime 1728279722.0
File /Users/mac/Desktop/healthcare app/myenv/lib/python3.13/site-packages/scipy/linalg/_sketches.py first seen with mtime 1741412085.907886
File /Users/mac/Desktop/healthcare app/myenv/lib/python3.13/site-packages/twisted/logger/_observer.py first seen with mtime 1746126557.0954084
File /Users/mac/Desktop/healthcare app/myenv/lib/python3.13/site-packages/django/db/migrations/operations/__init__.py first seen with mtime 1741430605.0014293
File /Users/mac/Desktop/healthcare app/myenv/lib/python3.13/site-packages/django/core/files/images.py first seen with mtime 1741430604.9760973
File /Library/Frameworks/Python.framework/Versions/3.13/lib/python3.13/importlib/resources/__init__.py first seen with mtime 1728279722.0
File /Users/mac/Desktop/healthcare app/myenv/lib/python3.13/site-packages/idna/core.py first seen with mtime 1741414831.7302227
File /Users/mac/Desktop/healthcare app/myenv/lib/python3.13/site-packages/rest_framework/views.py first seen with mtime 1741700066.5547311
File /Library/Frameworks/Python.framework/Versions/3.13/lib/python3.13/wsgiref/headers.py first seen with mtime 1728279722.0
File /Users/mac/Desktop/healthcare app/myenv/lib/python3.13/site-packages/plotly/express/_imshow.py first seen with mtime 1742030805.4265842
File /Users/mac/Desktop/healthcare app/myenv/lib/python3.13/site-packages/hyperlink/_url.py first seen with mtime 1746126556.6943371
File /Users/mac/Desktop/healthcare app/myenv/lib/python3.13/site-packages/narwhals/expr_struct.py first seen with mtime 1742030805.1950428
File /Users/mac/Desktop/healthcare app/myenv/lib/python3.13/site-packages/narwhals/series_str.py first seen with mtime 1742030805.1962926
File /Users/mac/Desktop/healthcare app/myenv/lib/python3.13/site-packages/cryptography/hazmat/primitives/asymmetric/x448.py first seen with mtime 1746126558.7532544
File /Users/mac/Desktop/healthcare app/myenv/lib/python3.13/site-packages/autobahn/websocket/compress.py first seen with mtime 1746126558.9924603
File /Users/mac/Desktop/healthcare app/myenv/lib/python3.13/site-packages/twisted/python/util.py first seen with mtime 1746126557.127903
File /Users/mac/Desktop/healthcare app/myenv/lib/python3.13/site-packages/plotly/express/data/__init__.py first seen with mtime 1742030805.4272244
File /Users/mac/Desktop/healthcare app/myenv/lib/python3.13/site-packages/seaborn/external/husl.py first seen with mtime 1741412092.6707518
File /Users/mac/Desktop/healthcare app/myenv/lib/python3.13/site-packages/scipy/optimize/_nnls.py first seen with mtime 1741412085.9370482
File /Users/mac/Desktop/healthcare app/myenv/lib/python3.13/site-packages/_cffi_backend.cpython-313-darwin.so first seen with mtime 1746126557.0033314
File /Users/mac/Desktop/healthcare app/myenv/lib/python3.13/site-packages/requests/exceptions.py first seen with mtime 1741414831.7929983
File /Users/mac/Desktop/healthcare app/myenv/lib/python3.13/site-packages/matplotlib/backends/__init__.py first seen with mtime 1741412091.846065
File /Library/Frameworks/Python.framework/Versions/3.13/lib/python3.13/asyncio/tasks.py first seen with mtime 1728279722.0
File /Users/mac/Desktop/healthcare app/myenv/lib/python3.13/site-packages/numpy/_core/_asarray.py first seen with mtime 1741412084.3121135
File /Users/mac/Desktop/healthcare app/myenv/lib/python3.13/site-packages/django/utils/crypto.py first seen with mtime 1741430605.0394292
File /Users/mac/Desktop/healthcare app/myenv/lib/python3.13/site-packages/scipy/stats/distributions.py first seen with mtime 1741412086.2008104
File /Users/mac/Desktop/healthcare app/myenv/lib/python3.13/site-packages/scipy/sparse/_base.py first seen with mtime 1741412086.1281834
File /Users/mac/Desktop/healthcare app/myenv/lib/python3.13/site-packages/narwhals/translate.py first seen with mtime 1742030805.196657
File /Users/mac/Desktop/healthcare app/myenv/lib/python3.13/site-packages/urllib3/_base_connection.py first seen with mtime 1741414831.6835155
File /Users/mac/Desktop/healthcare app/myenv/lib/python3.13/site-packages/scipy/linalg/__init__.py first seen with mtime 1741412085.912863
File /Users/mac/Desktop/healthcare app/myenv/lib/python3.13/site-packages/dateutil/tz/tz.py first seen with mtime 1741412087.9043448
File /Users/mac/Desktop/healthcare app/myenv/lib/python3.13/site-packages/pyasn1/error.py first seen with mtime 1746126556.6448176
File /Users/mac/Desktop/healthcare app/myenv/lib/python3.13/site-packages/service_identity/__init__.py first seen with mtime 1746126558.9163606
File /Users/mac/Desktop/healthcare app/myenv/lib/python3.13/site-packages/cryptography/hazmat/backends/__init__.py first seen with mtime 1746126558.7403686
File /Users/mac/Desktop/healthcare app/myenv/lib/python3.13/site-packages/plotly/express/_core.py first seen with mtime 1742030805.4263358
File /Library/Frameworks/Python.framework/Versions/3.13/lib/python3.13/asyncio/taskgroups.py first seen with mtime 1728279722.0
File /Users/mac/Desktop/healthcare app/myenv/lib/python3.13/site-packages/pandas/tseries/api.py first seen with mtime 1741412089.1782532
File /Users/mac/Desktop/healthcare app/myenv/lib/python3.13/site-packages/pandas/_libs/tslibs/vectorized.cpython-313-darwin.so first seen with mtime 1741412089.3913155
File /Users/mac/Desktop/healthcare app/myenv/lib/python3.13/site-packages/pandas/core/interchange/__init__.py first seen with mtime 1741412089.124368
File /Users/mac/Desktop/healthcare app/myenv/lib/python3.13/site-packages/matplotlib/figure.py first seen with mtime 1741412091.8099709
File /Library/Frameworks/Python.framework/Versions/3.13/lib/python3.13/dis.py first seen with mtime 1728279722.0
File /Users/mac/Desktop/healthcare app/myenv/lib/python3.13/site-packages/pandas/core/resample.py first seen with mtime 1741412089.1147513
File /Library/Frameworks/Python.framework/Versions/3.13/lib/python3.13/traceback.py first seen with mtime 1728279722.0
File /Users/mac/Desktop/healthcare app/myenv/lib/python3.13/site-packages/twisted/_threads/_pool.py first seen with mtime 1746126557.0508218
File /Users/mac/Desktop/healthcare app/myenv/lib/python3.13/site-packages/scipy/optimize/_numdiff.py first seen with mtime 1741412085.9424927
File /Users/mac/Desktop/healthcare app/myenv/lib/python3.13/site-packages/scipy/special/__init__.py first seen with mtime 1741412086.0670102
File /Users/mac/Desktop/healthcare app/myenv/lib/python3.13/site-packages/scipy/spatial/transform/__init__.py first seen with mtime 1741412086.1793249
File /Users/mac/Desktop/healthcare app/myenv/lib/python3.13/site-packages/pandas/io/parsers/arrow_parser_wrapper.py first seen with mtime 1741412089.1711671
File /Users/mac/Desktop/healthcare app/myenv/lib/python3.13/site-packages/scipy/linalg/misc.py first seen with mtime 1741412085.9076815
File /Library/Frameworks/Python.framework/Versions/3.13/lib/python3.13/http/__init__.py first seen with mtime 1728279722.0
File /Users/mac/Desktop/healthcare app/myenv/lib/python3.13/site-packages/sqlparse/exceptions.py first seen with mtime 1741430604.289117
File /Users/mac/Desktop/healthcare app/myenv/lib/python3.13/site-packages/pyasn1/codec/ber/decoder.py first seen with mtime 1746126556.64559
File /Library/Frameworks/Python.framework/Versions/3.13/lib/python3.13/string.py first seen with mtime 1728279722.0
File /Users/mac/Desktop/healthcare app/myenv/lib/python3.13/site-packages/scipy/sparse/_index.py first seen with mtime 1741412086.1325634
File /Library/Frameworks/Python.framework/Versions/3.13/lib/python3.13/pydoc.py first seen with mtime 1728279722.0
File /Users/mac/Desktop/healthcare app/myenv/lib/python3.13/site-packages/pandas/core/computation/scope.py first seen with mtime 1741412089.1322126
File /Users/mac/Desktop/healthcare app/myenv/lib/python3.13/site-packages/pandas/tseries/__init__.py first seen with mtime 1741412089.1781707
File /Users/mac/Desktop/healthcare app/myenv/lib/python3.13/site-packages/scipy/stats/_rcont/__init__.py first seen with mtime 1741412086.2103705
File /Library/Frameworks/Python.framework/Versions/3.13/lib/python3.13/urllib/__init__.py first seen with mtime 1728279722.0
File /Users/mac/Desktop/healthcare app/myenv/lib/python3.13/site-packages/scipy/linalg/_basic.py first seen with mtime 1741412085.9191394
File /Users/mac/Desktop/healthcare app/myenv/lib/python3.13/site-packages/twisted/python/log.py first seen with mtime 1746126557.1250315
File /Users/mac/Desktop/healthcare app/myenv/lib/python3.13/site-packages/rest_framework/request.py first seen with mtime 1741700066.5524895
File /Users/mac/Desktop/healthcare app/myenv/lib/python3.13/site-packages/django/db/models/fields/json.py first seen with mtime 1741430605.006218
File /Users/mac/Desktop/healthcare app/myenv/lib/python3.13/site-packages/matplotlib/tri/_trirefine.py first seen with mtime 1741412091.838649
File /Users/mac/Desktop/healthcare app/myenv/lib/python3.13/site-packages/scipy/optimize/_dcsrch.py first seen with mtime 1741412085.9415371
File /Library/Frameworks/Python.framework/Versions/3.13/lib/python3.13/asyncio/queues.py first seen with mtime 1728279722.0
File /Users/mac/Desktop/healthcare app/myenv/lib/python3.13/site-packages/numpy/polynomial/__init__.py first seen with mtime 1741412084.4237056
File /Library/Frameworks/Python.framework/Versions/3.13/lib/python3.13/multiprocessing/reduction.py first seen with mtime 1728279722.0
File /Users/mac/Desktop/healthcare app/myenv/lib/python3.13/site-packages/django/contrib/admin/checks.py first seen with mtime 1741430604.399177
File /Library/Frameworks/Python.framework/Versions/3.13/lib/python3.13/lib-dynload/_decimal.cpython-313-darwin.so first seen with mtime 1728280551.0
File /Users/mac/Desktop/healthcare app/myenv/lib/python3.13/site-packages/pandas/io/excel/_openpyxl.py first seen with mtime 1741412089.1746712
File /Users/mac/Desktop/healthcare app/myenv/lib/python3.13/site-packages/scipy/interpolate/__init__.py first seen with mtime 1741412086.1130886
File /Library/Frameworks/Python.framework/Versions/3.13/lib/python3.13/unittest/__init__.py first seen with mtime 1728279722.0
File /Users/mac/Desktop/healthcare app/myenv/lib/python3.13/site-packages/dateutil/relativedelta.py first seen with mtime 1741412087.9023912
File /Users/mac/Desktop/healthcare app/myenv/lib/python3.13/site-packages/numpy/lib/_npyio_impl.py first seen with mtime 1741412084.3969398
File /Users/mac/Desktop/healthcare app/myenv/lib/python3.13/site-packages/matplotlib/rcsetup.py first seen with mtime 1741412091.8336017
File /Users/mac/Desktop/healthcare app/myenv/lib/python3.13/site-packages/django/db/models/functions/__init__.py first seen with mtime 1741430605.0073502
File /Users/mac/Desktop/healthcare app/myenv/lib/python3.13/site-packages/matplotlib/_c_internal_utils.cpython-313-darwin.so first seen with mtime 1741412091.8311038
File /Users/mac/Desktop/healthcare app/myenv/lib/python3.13/site-packages/scipy/integrate/_lsoda.cpython-313-darwin.so first seen with mtime 1741412085.98071
File /Users/mac/Desktop/healthcare app/myenv/lib/python3.13/site-packages/django/middleware/csrf.py first seen with mtime 1741430605.0278585
File /Users/mac/Desktop/healthcare app/myenv/lib/python3.13/site-packages/django/core/files/storage/handler.py first seen with mtime 1741430604.9778244
File /Library/Frameworks/Python.framework/Versions/3.13/lib/python3.13/asyncio/format_helpers.py first seen with mtime 1728279722.0
File /Users/mac/Desktop/healthcare app/myenv/lib/python3.13/site-packages/numpy/f2py/f2py2e.py first seen with mtime 1741412084.3708692
File /Users/mac/Desktop/healthcare app/myenv/lib/python3.13/site-packages/matplotlib/layout_engine.py first seen with mtime 1741412091.8300083
File /Users/mac/Desktop/healthcare app/myenv/lib/python3.13/site-packages/scipy/linalg/_decomp_schur.py first seen with mtime 1741412085.9137042
File /Users/mac/Desktop/healthcare app/myenv/lib/python3.13/site-packages/numpy/_core/_internal.py first seen with mtime 1741412084.311284
File /Library/Frameworks/Python.framework/Versions/3.13/lib/python3.13/tarfile.py first seen with mtime 1728279722.0
File /Library/Frameworks/Python.framework/Versions/3.13/lib/python3.13/importlib/resources/_common.py first seen with mtime 1728279722.0
File /Users/mac/Desktop/healthcare app/myenv/lib/python3.13/site-packages/scipy/_lib/_disjoint_set.py first seen with mtime 1741412086.0467331
File /Users/mac/Desktop/healthcare app/myenv/lib/python3.13/site-packages/django/contrib/admin/exceptions.py first seen with mtime 1741430604.3993597
File /Users/mac/Desktop/healthcare app/myenv/lib/python3.13/site-packages/pyparsing/helpers.py first seen with mtime 1741412084.0670218
File /Users/mac/Desktop/healthcare app/myenv/lib/python3.13/site-packages/plotly/graph_objs/_histogram.py first seen with mtime 1742030805.437457
File /Users/mac/Desktop/healthcare app/myenv/lib/python3.13/site-packages/scipy/ndimage/_support_alternative_backends.py first seen with mtime 1741412085.9032326
File /Users/mac/Desktop/healthcare app/myenv/lib/python3.13/site-packages/txaio/_iotype.py first seen with mtime 1746126556.0592484
File /Users/mac/Desktop/healthcare app/myenv/lib/python3.13/site-packages/twisted/persisted/styles.py first seen with mtime 1746126557.1136975
File /Users/mac/Desktop/healthcare app/myenv/lib/python3.13/site-packages/pandas/core/internals/__init__.py first seen with mtime 1741412089.1292157
File /Users/mac/Desktop/healthcare app/myenv/lib/python3.13/site-packages/scipy/_lib/array_api_extra/__init__.py first seen with mtime 1741412086.0573413
File /Users/mac/Desktop/healthcare app/myenv/lib/python3.13/site-packages/scipy/optimize/_linprog.py first seen with mtime 1741412085.9357984
File /Users/mac/Desktop/healthcare app/myenv/lib/python3.13/site-packages/scipy/linalg/cython_lapack.cpython-313-darwin.so first seen with mtime 1741412085.915113
File /Users/mac/Desktop/healthcare app/myenv/lib/python3.13/site-packages/twisted/python/win32.py first seen with mtime 1746126557.1281207
File /Library/Frameworks/Python.framework/Versions/3.13/lib/python3.13/lib-dynload/array.cpython-313-darwin.so first seen with mtime 1728280560.0
File /Users/mac/Desktop/healthcare app/myenv/lib/python3.13/site-packages/pandas/core/util/__init__.py first seen with mtime 1741412089.1225538
File /Library/Frameworks/Python.framework/Versions/3.13/lib/python3.13/numbers.py first seen with mtime 1728279722.0
File /Users/mac/Desktop/healthcare app/myenv/lib/python3.13/site-packages/pygments/formatter.py first seen with mtime 1741412251.8291233
File /Users/mac/Desktop/healthcare app/myenv/lib/python3.13/site-packages/numpy/lib/introspect.py first seen with mtime 1741412084.3947327
File /Users/mac/Desktop/healthcare app/myenv/lib/python3.13/site-packages/scipy/linalg/_decomp_ldl.py first seen with mtime 1741412085.9159381
File /Users/mac/Desktop/healthcare app/myenv/lib/python3.13/site-packages/scipy/special/_sf_error.py first seen with mtime 1741412086.059455
File /Users/mac/Desktop/healthcare app/myenv/lib/python3.13/site-packages/scipy/sparse/_csc.py first seen with mtime 1741412086.1350546
File /Users/mac/Desktop/healthcare app/myenv/lib/python3.13/site-packages/scipy/sparse/linalg/_propack/_spropack.cpython-313-darwin.so first seen with mtime 1741412086.143652
File /Users/mac/Desktop/healthcare app/myenv/lib/python3.13/site-packages/twisted/internet/tcp.py first seen with mtime 1746126557.0806882
File /Library/Frameworks/Python.framework/Versions/3.13/lib/python3.13/lib-dynload/_ssl.cpython-313-darwin.so first seen with mtime 1728280556.0
File /Users/mac/Desktop/healthcare app/myenv/lib/python3.13/site-packages/numpy/_typing/_char_codes.py first seen with mtime 1741412084.3454893
File /Users/mac/Desktop/healthcare app/myenv/lib/python3.13/site-packages/pandas/plotting/__init__.py first seen with mtime 1741412089.3989186
File /Users/mac/Desktop/healthcare app/myenv/lib/python3.13/site-packages/django/contrib/contenttypes/views.py first seen with mtime 1741430604.6108608
File /Users/mac/Desktop/healthcare app/myenv/lib/python3.13/site-packages/pyparsing/testing.py first seen with mtime 1741412084.0674021
File /Users/mac/Desktop/healthcare app/myenv/lib/python3.13/site-packages/numpy/_typing/_ufunc.py first seen with mtime 1741412084.3458607
File /Users/mac/Desktop/healthcare app/myenv/lib/python3.13/site-packages/pandas/_config/localization.py first seen with mtime 1741412089.4026496
File /Users/mac/Desktop/healthcare app/myenv/lib/python3.13/site-packages/pandas/core/generic.py first seen with mtime 1741412089.1158578
File /Users/mac/Desktop/healthcare app/myenv/lib/python3.13/site-packages/django/utils/asyncio.py first seen with mtime 1741430605.038467
File /Users/mac/Desktop/healthcare app/myenv/lib/python3.13/site-packages/pandas/_typing.py first seen with mtime 1741412089.1118412
File /Users/mac/Desktop/healthcare app/myenv/lib/python3.13/site-packages/pandas/core/indexes/multi.py first seen with mtime 1741412089.1641088
File /Users/mac/Desktop/healthcare app/myenv/lib/python3.13/site-packages/urllib3/util/ssl_.py first seen with mtime 1741414831.6881304
File /Users/mac/Desktop/healthcare app/myenv/lib/python3.13/site-packages/django/db/models/constants.py first seen with mtime 1741430605.002865
File /Users/mac/Desktop/healthcare app/myenv/lib/python3.13/site-packages/django/core/checks/database.py first seen with mtime 1741430604.9736755
File /Users/mac/Desktop/healthcare app/myenv/lib/python3.13/site-packages/django/db/__init__.py first seen with mtime 1741430604.987332
File /Users/mac/Desktop/healthcare app/myenv/lib/python3.13/site-packages/pandas/compat/compressors.py first seen with mtime 1741412089.1134465
File /Users/mac/Desktop/healthcare app/myenv/lib/python3.13/site-packages/click/exceptions.py first seen with mtime 1741413491.4142623
File /Users/mac/Desktop/healthcare app/myenv/lib/python3.13/site-packages/django/db/migrations/state.py first seen with mtime 1741430605.0008829
File /Users/mac/Desktop/healthcare app/myenv/lib/python3.13/site-packages/idna/package_data.py first seen with mtime 1741414831.7305822
File /Users/mac/Desktop/healthcare app/myenv/lib/python3.13/site-packages/django/utils/autoreload.py first seen with mtime 1741430605.038787
File /Library/Frameworks/Python.framework/Versions/3.13/lib/python3.13/lib-dynload/zlib.cpython-313-darwin.so first seen with mtime 1728280563.0
File /Users/mac/Desktop/healthcare app/myenv/lib/python3.13/site-packages/_plotly_utils/exceptions.py first seen with mtime 1742030805.4198124
File /Users/mac/Desktop/healthcare app/myenv/lib/python3.13/site-packages/pyasn1/codec/__init__.py first seen with mtime 1746126556.6450598
File /Users/mac/Desktop/healthcare app/myenv/lib/python3.13/site-packages/scipy/sparse/linalg/_eigen/lobpcg/__init__.py first seen with mtime 1741412086.1428292
File /Users/mac/Desktop/healthcare app/myenv/lib/python3.13/site-packages/scipy/spatial/_procrustes.py first seen with mtime 1741412086.1649508
File /Users/mac/Desktop/healthcare app/myenv/lib/python3.13/site-packages/cryptography/__init__.py first seen with mtime 1746126558.7687523
File /Users/mac/Desktop/healthcare app/myenv/lib/python3.13/site-packages/numpy/f2py/func2subr.py first seen with mtime 1741412084.3710165
File /Users/mac/Desktop/healthcare app/myenv/lib/python3.13/site-packages/urllib3/filepost.py first seen with mtime 1741414831.6850488
File /Users/mac/Desktop/healthcare app/myenv/lib/python3.13/site-packages/scipy/optimize/_trustregion_constr/minimize_trustregion_constr.py first seen with mtime 1741412085.9774306
File /Users/mac/Desktop/healthcare app/myenv/lib/python3.13/site-packages/scipy/optimize/_constraints.py first seen with mtime 1741412085.9412272
File /Users/mac/Desktop/healthcare app/myenv/lib/python3.13/site-packages/matplotlib/tri/_tritools.py first seen with mtime 1741412091.8390722
File /Users/mac/Desktop/healthcare app/myenv/lib/python3.13/site-packages/scipy/integrate/odepack.py first seen with mtime 1741412085.9834833
File /Users/mac/Desktop/healthcare app/myenv/lib/python3.13/site-packages/matplotlib/artist.py first seen with mtime 1741412091.8214834
File /Library/Frameworks/Python.framework/Versions/3.13/lib/python3.13/importlib/abc.py first seen with mtime 1728279722.0
File /Users/mac/Desktop/healthcare app/myenv/lib/python3.13/site-packages/scipy/_lib/_array_api.py first seen with mtime 1741412086.0470264
File /Users/mac/Desktop/healthcare app/myenv/lib/python3.13/site-packages/scipy/linalg/_flapack.cpython-313-darwin.so first seen with mtime 1741412085.9218225
File /Library/Frameworks/Python.framework/Versions/3.13/lib/python3.13/pickle.py first seen with mtime 1728279722.0
File /Users/mac/Desktop/healthcare app/myenv/lib/python3.13/site-packages/pygments/formatters/__init__.py first seen with mtime 1741412251.8311784
File /Users/mac/Desktop/healthcare app/myenv/lib/python3.13/site-packages/django/core/checks/security/sessions.py first seen with mtime 1741430604.9755816
File /Users/mac/Desktop/healthcare app/myenv/lib/python3.13/site-packages/numpy/fft/_pocketfft_umath.cpython-313-darwin.so first seen with mtime 1741412084.4042144
File /Users/mac/Desktop/healthcare app/myenv/lib/python3.13/site-packages/pandas/core/methods/selectn.py first seen with mtime 1741412089.1222725
File /Library/Frameworks/Python.framework/Versions/3.13/lib/python3.13/unittest/loader.py first seen with mtime 1728279722.0
File /Users/mac/Desktop/healthcare app/myenv/lib/python3.13/site-packages/seaborn/categorical.py first seen with mtime 1741412092.6608684
File /Users/mac/Desktop/healthcare app/myenv/lib/python3.13/site-packages/scipy/integrate/_quadpack.cpython-313-darwin.so first seen with mtime 1741412085.9818025
File /Library/Frameworks/Python.framework/Versions/3.13/lib/python3.13/statistics.py first seen with mtime 1728279722.0
File /Users/mac/Desktop/healthcare app/myenv/lib/python3.13/site-packages/narwhals/dependencies.py first seen with mtime 1742030805.1932092
File /Users/mac/Desktop/healthcare app/myenv/lib/python3.13/site-packages/pandas/api/types/__init__.py first seen with mtime 1741412089.4015617
File /Users/mac/Desktop/healthcare app/myenv/lib/python3.13/site-packages/scipy/stats/_mannwhitneyu.py first seen with mtime 1741412086.2089503
File /Users/mac/Desktop/healthcare app/myenv/lib/python3.13/site-packages/scipy/special/_spherical_bessel.py first seen with mtime 1741412086.0660934
File /Users/mac/Desktop/healthcare app/myenv/lib/python3.13/site-packages/django/db/migrations/operations/models.py first seen with mtime 1741430605.001912
File /Users/mac/Desktop/healthcare app/myenv/lib/python3.13/site-packages/zope/interface/exceptions.py first seen with mtime 1746126556.7928803
File /Users/mac/Desktop/healthcare app/myenv/lib/python3.13/site-packages/numpy/lib/_nanfunctions_impl.py first seen with mtime 1741412084.3982265
File /Users/mac/Desktop/healthcare app/myenv/lib/python3.13/site-packages/scipy/integrate/_ivp/base.py first seen with mtime 1741412085.9875982
File /Users/mac/Desktop/healthcare app/myenv/lib/python3.13/site-packages/django/db/backends/base/operations.py first seen with mtime 1741430604.9900758
File /Users/mac/Desktop/healthcare app/myenv/lib/python3.13/site-packages/twisted/python/lockfile.py first seen with mtime 1746126557.124907
File /Users/mac/Desktop/healthcare app/myenv/lib/python3.13/site-packages/pygments/lexers/special.py first seen with mtime 1741412251.8687387
File /Users/mac/Desktop/healthcare app/myenv/lib/python3.13/site-packages/matplotlib/backend_tools.py first seen with mtime 1741412091.82169
File /Users/mac/Desktop/healthcare app/myenv/lib/python3.13/site-packages/sqlparse/filters/reindent.py first seen with mtime 1741430604.2913125
File /Library/Frameworks/Python.framework/Versions/3.13/lib/python3.13/dataclasses.py first seen with mtime 1728279722.0
File /Users/mac/Desktop/healthcare app/myenv/lib/python3.13/site-packages/pyparsing/actions.py first seen with mtime 1741412084.0660048
File /Users/mac/Desktop/healthcare app/myenv/lib/python3.13/site-packages/matplotlib/_text_helpers.py first seen with mtime 1741412091.8258371
File /Library/Frameworks/Python.framework/Versions/3.13/lib/python3.13/xml/parsers/__init__.py first seen with mtime 1728279722.0
File /Users/mac/Desktop/healthcare app/myenv/lib/python3.13/site-packages/urllib3/_collections.py first seen with mtime 1741414831.6836476
File /Users/mac/Desktop/healthcare app/myenv/lib/python3.13/site-packages/numpy/_core/strings.py first seen with mtime 1741412084.3229907
File /Users/mac/Desktop/healthcare app/myenv/lib/python3.13/site-packages/scipy/stats/_multicomp.py first seen with mtime 1741412086.2017252
File /Users/mac/Desktop/healthcare app/myenv/lib/python3.13/site-packages/scipy/linalg/_decomp_update.cpython-313-darwin.so first seen with mtime 1741412085.9074423
File /Users/mac/Desktop/healthcare app/myenv/lib/python3.13/site-packages/narwhals/exceptions.py first seen with mtime 1742030805.1938593
File /Users/mac/Desktop/healthcare app/myenv/lib/python3.13/site-packages/pandas/core/strings/__init__.py first seen with mtime 1741412089.1206694
File /Users/mac/Desktop/healthcare app/myenv/lib/python3.13/site-packages/pandas/_testing/_warnings.py first seen with mtime 1741412089.3535042
File /Users/mac/Desktop/healthcare app/myenv/lib/python3.13/site-packages/pandas/core/accessor.py first seen with mtime 1741412089.1140597
File /Users/mac/Desktop/healthcare app/myenv/lib/python3.13/site-packages/numpy/lib/_type_check_impl.py first seen with mtime 1741412084.3929253
File /Users/mac/Desktop/healthcare app/myenv/lib/python3.13/site-packages/numpy/_core/numerictypes.py first seen with mtime 1741412084.3223853
File /Users/mac/Desktop/healthcare app/myenv/lib/python3.13/site-packages/constantly/_constants.py first seen with mtime 1746126556.7237463
File /Users/mac/Desktop/healthcare app/myenv/lib/python3.13/site-packages/asgiref/current_thread_executor.py first seen with mtime 1741430604.3119192
File /Users/mac/Desktop/healthcare app/myenv/lib/python3.13/site-packages/matplotlib/_blocking_input.py first seen with mtime 1741412091.8300989
File /Users/mac/Desktop/healthcare app/myenv/lib/python3.13/site-packages/django/contrib/auth/hashers.py first seen with mtime 1741430604.5586617
File /Users/mac/Desktop/healthcare app/myenv/lib/python3.13/site-packages/rest_framework/renderers.py first seen with mtime 1741700066.5523207
File /Users/mac/Desktop/healthcare app/myenv/lib/python3.13/site-packages/scipy/fft/_pocketfft/__init__.py first seen with mtime 1741412086.1223273
File /Users/mac/Desktop/healthcare app/myenv/lib/python3.13/site-packages/pandas/core/arrays/arrow/array.py first seen with mtime 1741412089.1610181
File /Users/mac/Desktop/healthcare app/myenv/lib/python3.13/site-packages/scipy/stats/_morestats.py first seen with mtime 1741412086.2093797
File /Users/mac/Desktop/healthcare app/myenv/lib/python3.13/site-packages/twisted/_threads/_convenience.py first seen with mtime 1746126557.0503936
File /Users/mac/Desktop/healthcare app/myenv/lib/python3.13/site-packages/pandas/_libs/pandas_parser.cpython-313-darwin.so first seen with mtime 1741412089.359888
File /Users/mac/Desktop/healthcare app/myenv/lib/python3.13/site-packages/django/contrib/admin/templatetags/log.py first seen with mtime 1741430604.5058072
File /Users/mac/Desktop/healthcare app/myenv/lib/python3.13/site-packages/pandas/core/arrays/numeric.py first seen with mtime 1741412089.1594305
File /Users/mac/Desktop/healthcare app/myenv/lib/python3.13/site-packages/scipy/integrate/_ivp/dop853_coefficients.py first seen with mtime 1741412085.9865556
File /Users/mac/Desktop/healthcare app/myenv/lib/python3.13/site-packages/rest_framework/utils/field_mapping.py first seen with mtime 1741700066.5879192
File /Users/mac/Desktop/healthcare app/myenv/lib/python3.13/site-packages/scipy/sparse/_matrix.py first seen with mtime 1741412086.1355999
File /Library/Frameworks/Python.framework/Versions/3.13/lib/python3.13/argparse.py first seen with mtime 1728279722.0
File /Users/mac/Desktop/healthcare app/myenv/lib/python3.13/site-packages/scipy/_lib/array_api_compat/common/_linalg.py first seen with mtime 1741412086.0545409
File /Users/mac/Desktop/healthcare app/myenv/lib/python3.13/site-packages/twisted/internet/address.py first seen with mtime 1746126557.0767615
File /Users/mac/Desktop/healthcare app/myenv/lib/python3.13/site-packages/django/template/autoreload.py first seen with mtime 1741430605.0286305
File /Users/mac/Desktop/healthcare app/myenv/lib/python3.13/site-packages/PIL/_version.py first seen with mtime 1741412084.1175146
File /Users/mac/Desktop/healthcare app/myenv/lib/python3.13/site-packages/django/db/backends/sqlite3/features.py first seen with mtime 1741430604.9979832
File /Users/mac/Desktop/healthcare app/myenv/lib/python3.13/site-packages/numpy/version.py first seen with mtime 1741412084.2983687
File /Users/mac/Desktop/healthcare app/myenv/lib/python3.13/site-packages/scipy/optimize/zeros.py first seen with mtime 1741412085.9325998
File /Users/mac/Desktop/healthcare app/myenv/lib/python3.13/site-packages/twisted/_threads/_ithreads.py first seen with mtime 1746126557.0505047
File /Users/mac/Desktop/healthcare app/myenv/lib/python3.13/site-packages/sqlparse/filters/output.py first seen with mtime 1741430604.2911816
File /Users/mac/Desktop/healthcare app/myenv/lib/python3.13/site-packages/scipy/optimize/_linprog_simplex.py first seen with mtime 1741412085.9333367
File /Users/mac/Desktop/healthcare app/myenv/lib/python3.13/site-packages/numpy/f2py/cfuncs.py first seen with mtime 1741412084.3696191
File /Users/mac/Desktop/healthcare app/myenv/lib/python3.13/site-packages/scipy/optimize/_nonlin.py first seen with mtime 1741412085.9416947
File /Users/mac/Desktop/healthcare app/myenv/lib/python3.13/site-packages/scipy/optimize/_minimize.py first seen with mtime 1741412085.9344869
File /Users/mac/Desktop/healthcare app/myenv/lib/python3.13/site-packages/django/core/files/base.py first seen with mtime 1741430604.9759939
File /Users/mac/Desktop/healthcare app/myenv/lib/python3.13/site-packages/scipy/spatial/transform/rotation.py first seen with mtime 1741412086.179634
File /Users/mac/Desktop/healthcare app/myenv/lib/python3.13/site-packages/numpy/_core/__init__.py first seen with mtime 1741412084.3132215
File /Users/mac/Desktop/healthcare app/myenv/lib/python3.13/site-packages/scipy/linalg/_decomp_cholesky.py first seen with mtime 1741412085.9083002
File /Users/mac/Desktop/healthcare app/myenv/lib/python3.13/site-packages/plotly/express/imshow_utils.py first seen with mtime 1742030805.426892
File /Users/mac/Desktop/healthcare app/myenv/lib/python3.13/site-packages/scipy/stats/_resampling.py first seen with mtime 1741412086.1987717
File /Users/mac/Desktop/healthcare app/myenv/lib/python3.13/site-packages/pyasn1/type/constraint.py first seen with mtime 1746126556.6507952
File /Users/mac/Desktop/healthcare app/myenv/lib/python3.13/site-packages/twisted/internet/task.py first seen with mtime 1746126557.0805485
File /Users/mac/Desktop/healthcare app/myenv/lib/python3.13/site-packages/scipy/_lib/array_api_compat/__init__.py first seen with mtime 1741412086.050871
File /Users/mac/Desktop/healthcare app/myenv/lib/python3.13/site-packages/django/template/loaders/__init__.py first seen with mtime 1741430605.031726
File /Users/mac/Desktop/healthcare app/myenv/lib/python3.13/site-packages/django/core/files/temp.py first seen with mtime 1741430604.9766104
File /Users/mac/Desktop/healthcare app/myenv/lib/python3.13/site-packages/django/core/cache/backends/filebased.py first seen with mtime 1741430604.9723988
File /Users/mac/Desktop/healthcare app/myenv/lib/python3.13/site-packages/seaborn/_docstrings.py first seen with mtime 1741412092.6598854
File /Users/mac/Desktop/healthcare app/myenv/lib/python3.13/site-packages/pandas/core/array_algos/putmask.py first seen with mtime 1741412089.1239648
File /Users/mac/Desktop/healthcare app/myenv/lib/python3.13/site-packages/django/db/models/functions/comparison.py first seen with mtime 1741430605.0075026
File /Users/mac/Desktop/healthcare app/myenv/lib/python3.13/site-packages/mpl_toolkits/mplot3d/art3d.py first seen with mtime 1741412091.7832773
File /Users/mac/Desktop/healthcare app/myenv/lib/python3.13/site-packages/scipy/sparse/linalg/_isolve/lsqr.py first seen with mtime 1741412086.1466825
File /Users/mac/Desktop/healthcare app/myenv/lib/python3.13/site-packages/charset_normalizer/version.py first seen with mtime 1741414831.7683578
File /Users/mac/Desktop/healthcare app/myenv/lib/python3.13/site-packages/django/views/decorators/cache.py first seen with mtime 1741430605.0504513
File /Users/mac/Desktop/healthcare app/myenv/lib/python3.13/site-packages/django/core/management/commands/runserver.py first seen with mtime 1741430604.9843793
File /Library/Frameworks/Python.framework/Versions/3.13/lib/python3.13/wsgiref/util.py first seen with mtime 1728279722.0
File /Users/mac/Desktop/healthcare app/myenv/lib/python3.13/site-packages/attrs/validators.py first seen with mtime 1746126556.7712908
File /Library/Frameworks/Python.framework/Versions/3.13/lib/python3.13/importlib/resources/abc.py first seen with mtime 1728279722.0
File /Users/mac/Desktop/healthcare app/myenv/lib/python3.13/site-packages/scipy/_lib/array_api_compat/numpy/__init__.py first seen with mtime 1741412086.053535
File /Users/mac/Desktop/healthcare app/myenv/lib/python3.13/site-packages/django/db/models/indexes.py first seen with mtime 1741430605.0036314
File /Users/mac/Desktop/healthcare app/myenv/lib/python3.13/site-packages/cryptography/hazmat/primitives/ciphers/__init__.py first seen with mtime 1746126558.7512677
File /Users/mac/Desktop/healthcare app/myenv/lib/python3.13/site-packages/django/contrib/admin/options.py first seen with mtime 1741430604.4007308
File /Users/mac/Desktop/healthcare app/myenv/lib/python3.13/site-packages/scipy/constants/__init__.py first seen with mtime 1741412085.9886224
File /Users/mac/Desktop/healthcare app/myenv/lib/python3.13/site-packages/scipy/sparse/linalg/interface.py first seen with mtime 1741412086.136378
File /Library/Frameworks/Python.framework/Versions/3.13/lib/python3.13/unittest/suite.py first seen with mtime 1728279722.0
File /Users/mac/Desktop/healthcare app/healthcare_project/healthcare_app/apps.py first seen with mtime 1741437097.1683228
File /Users/mac/Desktop/healthcare app/myenv/lib/python3.13/site-packages/pyasn1/type/__init__.py first seen with mtime 1746126556.6504006
File /Users/mac/Desktop/healthcare app/myenv/lib/python3.13/site-packages/matplotlib/ticker.py first seen with mtime 1741412091.8345144
File /Library/Frameworks/Python.framework/Versions/3.13/lib/python3.13/graphlib.py first seen with mtime 1728279722.0
File /Users/mac/Desktop/healthcare app/myenv/lib/python3.13/site-packages/scipy/sparse/csgraph/__init__.py first seen with mtime 1741412086.155627
File /Users/mac/Desktop/healthcare app/myenv/lib/python3.13/site-packages/seaborn/__init__.py first seen with mtime 1741412092.6592438
File /Library/Frameworks/Python.framework/Versions/3.13/lib/python3.13/lib-dynload/mmap.cpython-313-darwin.so first seen with mtime 1728280561.0
File /Users/mac/Desktop/healthcare app/myenv/lib/python3.13/site-packages/pandas/_testing/contexts.py first seen with mtime 1741412089.3538606
File /Library/Frameworks/Python.framework/Versions/3.13/lib/python3.13/email/iterators.py first seen with mtime 1728279722.0
File /Library/Frameworks/Python.framework/Versions/3.13/lib/python3.13/asyncio/base_subprocess.py first seen with mtime 1728279722.0
File /Users/mac/Desktop/healthcare app/myenv/lib/python3.13/site-packages/rest_framework/utils/json.py first seen with mtime 1741700066.5883214
File /Users/mac/Desktop/healthcare app/myenv/lib/python3.13/site-packages/pandas/core/tools/timedeltas.py first seen with mtime 1741412089.1211298
File /Users/mac/Desktop/healthcare app/myenv/lib/python3.13/site-packages/rest_framework/__init__.py first seen with mtime 1741700066.549467
File /Users/mac/Desktop/healthcare app/myenv/lib/python3.13/site-packages/numpy/_core/_exceptions.py first seen with mtime 1741412084.3221915
File /Users/mac/Desktop/healthcare app/myenv/lib/python3.13/site-packages/pyasn1/codec/der/__init__.py first seen with mtime 1746126556.647317
File /Users/mac/Desktop/healthcare app/myenv/lib/python3.13/site-packages/django/db/models/base.py first seen with mtime 1741430605.0027692
File /Users/mac/Desktop/healthcare app/myenv/lib/python3.13/site-packages/scipy/optimize/moduleTNC.py first seen with mtime 1741412085.9384177
File /Users/mac/Desktop/healthcare app/myenv/lib/python3.13/site-packages/cryptography/hazmat/decrepit/ciphers/algorithms.py first seen with mtime 1746126558.7400978
File /Library/Frameworks/Python.framework/Versions/3.13/lib/python3.13/_colorize.py first seen with mtime 1728279722.0
File /Users/mac/Desktop/healthcare app/myenv/lib/python3.13/site-packages/django/template/library.py first seen with mtime 1741430605.0300157
File /Users/mac/Desktop/healthcare app/myenv/lib/python3.13/site-packages/numpy/fft/_pocketfft.py first seen with mtime 1741412084.4046206
File /Library/Frameworks/Python.framework/Versions/3.13/lib/python3.13/bisect.py first seen with mtime 1728279722.0
File /Users/mac/Desktop/healthcare app/myenv/lib/python3.13/site-packages/plotly/graph_objs/_histogram2dcontour.py first seen with mtime 1742030805.43786
File /Users/mac/Desktop/healthcare app/myenv/lib/python3.13/site-packages/cryptography/hazmat/primitives/asymmetric/rsa.py first seen with mtime 1746126558.7539582
File /Users/mac/Desktop/healthcare app/myenv/lib/python3.13/site-packages/plotly/__init__.py first seen with mtime 1742030805.4223647
File /Users/mac/Desktop/healthcare app/myenv/lib/python3.13/site-packages/scipy/stats/_censored_data.py first seen with mtime 1741412086.1955295
File /Users/mac/Desktop/healthcare app/myenv/lib/python3.13/site-packages/pandas/util/__init__.py first seen with mtime 1741412089.1667762
File /Users/mac/Desktop/healthcare app/myenv/lib/python3.13/site-packages/numpy/fft/helper.py first seen with mtime 1741412084.4043891
File /Users/mac/Desktop/healthcare app/myenv/lib/python3.13/site-packages/pandas/io/excel/_pyxlsb.py first seen with mtime 1741412089.175453
File /Users/mac/Desktop/healthcare app/myenv/lib/python3.13/site-packages/scipy/stats/_mstats_extras.py first seen with mtime 1741412086.202984
File /Users/mac/Desktop/healthcare app/myenv/lib/python3.13/site-packages/scipy/optimize/tnc.py first seen with mtime 1741412085.9306016
File /Users/mac/Desktop/healthcare app/myenv/lib/python3.13/site-packages/OpenSSL/_util.py first seen with mtime 1746126558.9276652
File /Users/mac/Desktop/healthcare app/myenv/lib/python3.13/site-packages/twisted/persisted/__init__.py first seen with mtime 1746126557.1128418
File /Library/Frameworks/Python.framework/Versions/3.13/lib/python3.13/lib-dynload/_statistics.cpython-313-darwin.so first seen with mtime 1728280557.0
File /Users/mac/Desktop/healthcare app/myenv/lib/python3.13/site-packages/rest_framework/utils/urls.py first seen with mtime 1741700066.5895915
File /Users/mac/Desktop/healthcare app/myenv/lib/python3.13/site-packages/scipy/special/_lambertw.py first seen with mtime 1741412086.0678308
File /Users/mac/Desktop/healthcare app/myenv/lib/python3.13/site-packages/sqlparse/__init__.py first seen with mtime 1741430604.2886047
File /Users/mac/Desktop/healthcare app/myenv/lib/python3.13/site-packages/pandas/util/_print_versions.py first seen with mtime 1741412089.1666636
File /Users/mac/Desktop/healthcare app/myenv/lib/python3.13/site-packages/django/core/cache/backends/base.py first seen with mtime 1741430604.971907
File /Users/mac/Desktop/healthcare app/myenv/lib/python3.13/site-packages/scipy/stats/_discrete_distns.py first seen with mtime 1741412086.200082
File /Users/mac/Desktop/healthcare app/myenv/lib/python3.13/site-packages/pandas/core/internals/api.py first seen with mtime 1741412089.1295679
File /Users/mac/Desktop/healthcare app/myenv/lib/python3.13/site-packages/autobahn/rawsocket/__init__.py first seen with mtime 1746126558.968229
File /Users/mac/Desktop/healthcare app/myenv/lib/python3.13/site-packages/pandas/arrays/__init__.py first seen with mtime 1741412089.4011674
File /Users/mac/Desktop/healthcare app/myenv/lib/python3.13/site-packages/click/parser.py first seen with mtime 1741413491.4146857
File /Users/mac/Desktop/healthcare app/myenv/lib/python3.13/site-packages/pandas/api/interchange/__init__.py first seen with mtime 1741412089.401695
File /Users/mac/Desktop/healthcare app/myenv/lib/python3.13/site-packages/zope/interface/_compat.py first seen with mtime 1746126556.7916937
File /Library/Frameworks/Python.framework/Versions/3.13/lib/python3.13/asyncio/protocols.py first seen with mtime 1728279722.0
File /Users/mac/Desktop/healthcare app/myenv/lib/python3.13/site-packages/django/db/models/fields/related_lookups.py first seen with mtime 1741430605.0070376
File /Users/mac/Desktop/healthcare app/myenv/lib/python3.13/site-packages/pygments/token.py first seen with mtime 1741412251.8303254
File /Users/mac/Desktop/healthcare app/myenv/lib/python3.13/site-packages/pandas/_libs/tslib.cpython-313-darwin.so first seen with mtime 1741412089.371891
File /Users/mac/Desktop/healthcare app/myenv/lib/python3.13/site-packages/pandas/core/computation/align.py first seen with mtime 1741412089.1308825
File /Users/mac/Desktop/healthcare app/myenv/lib/python3.13/site-packages/django/db/backends/base/validation.py first seen with mtime 1741430604.9903462
File /Users/mac/Desktop/healthcare app/myenv/lib/python3.13/site-packages/requests/certs.py first seen with mtime 1741414831.792596
File /Users/mac/Desktop/healthcare app/myenv/lib/python3.13/site-packages/scipy/fft/_realtransforms_backend.py first seen with mtime 1741412086.1191697
File /Users/mac/Desktop/healthcare app/myenv/lib/python3.13/site-packages/scipy/linalg/decomp_qr.py first seen with mtime 1741412085.9069457
File /Users/mac/Desktop/healthcare app/myenv/lib/python3.13/site-packages/cryptography/hazmat/primitives/asymmetric/utils.py first seen with mtime 1746126558.7548573
File /Users/mac/Desktop/healthcare app/myenv/lib/python3.13/site-packages/scipy/fft/_pocketfft/helper.py first seen with mtime 1741412086.1228483
File /Users/mac/Desktop/healthcare app/myenv/lib/python3.13/site-packages/numpy/_core/arrayprint.py first seen with mtime 1741412084.323441
File /Users/mac/Desktop/healthcare app/myenv/lib/python3.13/site-packages/scipy/interpolate/polyint.py first seen with mtime 1741412086.1119313
File /Users/mac/Desktop/healthcare app/myenv/lib/python3.13/site-packages/narwhals/utils.py first seen with mtime 1742030805.1971958
File /Users/mac/Desktop/healthcare app/myenv/lib/python3.13/site-packages/scipy/sparse/linalg/_propack/_zpropack.cpython-313-darwin.so first seen with mtime 1741412086.1443255
File /Users/mac/Desktop/healthcare app/myenv/lib/python3.13/site-packages/scipy/interpolate/interpnd.py first seen with mtime 1741412086.1052608
File /Users/mac/Desktop/healthcare app/myenv/lib/python3.13/site-packages/django/http/__init__.py first seen with mtime 1741430605.0266426
File /Library/Frameworks/Python.framework/Versions/3.13/lib/python3.13/logging/handlers.py first seen with mtime 1728279722.0
File /Users/mac/Desktop/healthcare app/myenv/lib/python3.13/site-packages/incremental/_version.py first seen with mtime 1746126556.9915812
File /Library/Frameworks/Python.framework/Versions/3.13/lib/python3.13/email/generator.py first seen with mtime 1728279722.0
File /Users/mac/Desktop/healthcare app/myenv/lib/python3.13/site-packages/rest_framework/relations.py first seen with mtime 1741700066.5521924
File /Users/mac/Desktop/healthcare app/myenv/lib/python3.13/site-packages/numpy/__config__.py first seen with mtime 1741412084.300226
File /Users/mac/Desktop/healthcare app/myenv/lib/python3.13/site-packages/pandas/core/arrays/_utils.py first seen with mtime 1741412089.1600258
File /Users/mac/Desktop/healthcare app/myenv/lib/python3.13/site-packages/matplotlib/style/core.py first seen with mtime 1741412091.8704314
File /Library/Frameworks/Python.framework/Versions/3.13/lib/python3.13/asyncio/constants.py first seen with mtime 1728279722.0
File /Users/mac/Desktop/healthcare app/myenv/lib/python3.13/site-packages/pandas/core/dtypes/inference.py first seen with mtime 1741412089.1271334
File /Users/mac/Desktop/healthcare app/myenv/lib/python3.13/site-packages/rest_framework/utils/serializer_helpers.py first seen with mtime 1741700066.5893676
File /Users/mac/Desktop/healthcare app/myenv/lib/python3.13/site-packages/twisted/_threads/_team.py first seen with mtime 1746126557.0509396
File /Users/mac/Desktop/healthcare app/myenv/lib/python3.13/site-packages/django/template/engine.py first seen with mtime 1741430605.029683
File /Users/mac/Desktop/healthcare app/myenv/lib/python3.13/site-packages/incremental/__init__.py first seen with mtime 1746126556.991382
File /Users/mac/Desktop/healthcare app/myenv/lib/python3.13/site-packages/pandas/_libs/window/aggregations.cpython-313-darwin.so first seen with mtime 1741412089.3844068
File /Users/mac/Desktop/healthcare app/myenv/lib/python3.13/site-packages/django/core/cache/backends/locmem.py first seen with mtime 1741430604.9726174
File /Users/mac/Desktop/healthcare app/myenv/lib/python3.13/site-packages/twisted/python/context.py first seen with mtime 1746126557.1240048
File /Users/mac/Desktop/healthcare app/myenv/lib/python3.13/site-packages/pandas/_libs/parsers.cpython-313-darwin.so first seen with mtime 1741412089.3771641
File /Users/mac/Desktop/healthcare app/myenv/lib/python3.13/site-packages/scipy/linalg/_procrustes.py first seen with mtime 1741412085.9108357
File /Users/mac/Desktop/healthcare app/myenv/lib/python3.13/site-packages/django/contrib/sessions/exceptions.py first seen with mtime 1741430604.8783202
File /Users/mac/Desktop/healthcare app/myenv/lib/python3.13/site-packages/scipy/stats/_kde.py first seen with mtime 1741412086.2009368
File /Users/mac/Desktop/healthcare app/myenv/lib/python3.13/site-packages/pandas/api/indexers/__init__.py first seen with mtime 1741412089.4014263
File /Users/mac/Desktop/healthcare app/myenv/lib/python3.13/site-packages/pandas/io/excel/__init__.py first seen with mtime 1741412089.175242
File /Users/mac/Desktop/healthcare app/myenv/lib/python3.13/site-packages/pandas/_config/config.py first seen with mtime 1741412089.402261
File /Users/mac/Desktop/healthcare app/myenv/lib/python3.13/site-packages/django/views/generic/base.py first seen with mtime 1741430605.0517762
File /Users/mac/Desktop/healthcare app/myenv/lib/python3.13/site-packages/scipy/optimize/_trustregion_constr/qp_subproblem.py first seen with mtime 1741412085.9773047
File /Users/mac/Desktop/healthcare app/myenv/lib/python3.13/site-packages/django/core/validators.py first seen with mtime 1741430604.9712172
File /Library/Frameworks/Python.framework/Versions/3.13/lib/python3.13/unittest/signals.py first seen with mtime 1728279722.0
File /Users/mac/Desktop/healthcare app/myenv/lib/python3.13/site-packages/django/contrib/sessions/backends/__init__.py first seen with mtime 1741430604.8787236
File /Library/Frameworks/Python.framework/Versions/3.13/lib/python3.13/encodings/utf_8_sig.py first seen with mtime 1728279722.0
File /Users/mac/Desktop/healthcare app/myenv/lib/python3.13/site-packages/pandas/io/pickle.py first seen with mtime 1741412089.169692
File /Users/mac/Desktop/healthcare app/myenv/lib/python3.13/site-packages/urllib3/contrib/__init__.py first seen with mtime 1741414831.6854732
File /Users/mac/Desktop/healthcare app/myenv/lib/python3.13/site-packages/pandas/core/window/rolling.py first seen with mtime 1741412089.148139
File /Users/mac/Desktop/healthcare app/myenv/lib/python3.13/site-packages/scipy/stats/_continuous_distns.py first seen with mtime 1741412086.20356
File /Users/mac/Desktop/healthcare app/myenv/lib/python3.13/site-packages/django/contrib/admin/decorators.py first seen with mtime 1741430604.3992715
File /Users/mac/Desktop/healthcare app/myenv/lib/python3.13/site-packages/numpy/f2py/crackfortran.py first seen with mtime 1741412084.3703551
File /Users/mac/Desktop/healthcare app/myenv/lib/python3.13/site-packages/scipy/stats/contingency.py first seen with mtime 1741412086.2079618
File /Users/mac/Desktop/healthcare app/myenv/lib/python3.13/site-packages/twisted/protocols/basic.py first seen with mtime 1746126557.1179962
File /Users/mac/Desktop/healthcare app/myenv/lib/python3.13/site-packages/rest_framework/checks.py first seen with mtime 1741700066.549895
File /Users/mac/Desktop/healthcare app/myenv/lib/python3.13/site-packages/pandas/io/parsers/base_parser.py first seen with mtime 1741412089.1709626
File /Users/mac/Desktop/healthcare app/myenv/lib/python3.13/site-packages/plotly/colors/__init__.py first seen with mtime 1742030805.4255018
File /Users/mac/Desktop/healthcare app/myenv/lib/python3.13/site-packages/idna/idnadata.py first seen with mtime 1741414831.730389
File /Library/Frameworks/Python.framework/Versions/3.13/lib/python3.13/importlib/metadata/_meta.py first seen with mtime 1728279722.0
File /Users/mac/Desktop/healthcare app/myenv/lib/python3.13/site-packages/scipy/optimize/optimize.py first seen with mtime 1741412085.9306798
File /Users/mac/Desktop/healthcare app/myenv/lib/python3.13/site-packages/narwhals/expr_str.py first seen with mtime 1742030805.194941
File /Users/mac/Desktop/healthcare app/myenv/lib/python3.13/site-packages/rest_framework/utils/mediatypes.py first seen with mtime 1741700066.588424
File /Users/mac/Desktop/healthcare app/myenv/lib/python3.13/site-packages/plotly/express/colors/__init__.py first seen with mtime 1742030805.4270713
File /Library/Frameworks/Python.framework/Versions/3.13/lib/python3.13/lib-dynload/_socket.cpython-313-darwin.so first seen with mtime 1728280556.0
File /Users/mac/Desktop/healthcare app/myenv/lib/python3.13/site-packages/django/contrib/contenttypes/models.py first seen with mtime 1741430604.6106727
File /Library/Frameworks/Python.framework/Versions/3.13/lib/python3.13/asyncio/subprocess.py first seen with mtime 1728279722.0
File /Library/Frameworks/Python.framework/Versions/3.13/lib/python3.13/lib-dynload/pyexpat.cpython-313-darwin.so first seen with mtime 1728280561.0
File /Library/Frameworks/Python.framework/Versions/3.13/lib/python3.13/sqlite3/__init__.py first seen with mtime 1728279722.0
File /Users/mac/Desktop/healthcare app/myenv/lib/python3.13/site-packages/scipy/cluster/vq.py first seen with mtime 1741412085.8973846
File /Users/mac/Desktop/healthcare app/myenv/lib/python3.13/site-packages/twisted/internet/_resolver.py first seen with mtime 1746126557.0756416
File /Library/Frameworks/Python.framework/Versions/3.13/lib/python3.13/copyreg.py first seen with mtime 1728279722.0
File /Users/mac/Desktop/healthcare app/myenv/lib/python3.13/site-packages/django/core/__init__.py first seen with mtime 1741430604.9701545
File /Users/mac/Desktop/healthcare app/myenv/lib/python3.13/site-packages/pandas/_libs/__init__.py first seen with mtime 1741412089.3630056
File /Users/mac/Desktop/healthcare app/myenv/lib/python3.13/site-packages/plotly/express/_special_inputs.py first seen with mtime 1742030805.4266796
File /Library/Frameworks/Python.framework/Versions/3.13/lib/python3.13/lib-dynload/termios.cpython-313-darwin.so first seen with mtime 1728280562.0
File /Users/mac/Desktop/healthcare app/myenv/lib/python3.13/site-packages/scipy/ndimage/_rank_filter_1d.cpython-313-darwin.so first seen with mtime 1741412085.9038835
File /Users/mac/Desktop/healthcare app/myenv/lib/python3.13/site-packages/django/core/management/color.py first seen with mtime 1741430604.981434
File /Users/mac/Desktop/healthcare app/myenv/lib/python3.13/site-packages/numpy/exceptions.py first seen with mtime 1741412084.3008587
File /Users/mac/Desktop/healthcare app/myenv/lib/python3.13/site-packages/matplotlib/stackplot.py first seen with mtime 1741412091.8235483
File /Library/Frameworks/Python.framework/Versions/3.13/lib/python3.13/asyncio/log.py first seen with mtime 1728279722.0
File /Users/mac/Desktop/healthcare app/myenv/lib/python3.13/site-packages/pandas/core/util/hashing.py first seen with mtime 1741412089.122758
File /Users/mac/Desktop/healthcare app/myenv/lib/python3.13/site-packages/numpy/testing/_private/extbuild.py first seen with mtime 1741412084.3899274
File /Users/mac/Desktop/healthcare app/myenv/lib/python3.13/site-packages/cryptography/x509/extensions.py first seen with mtime 1746126558.7715902
File /Users/mac/Desktop/healthcare app/myenv/lib/python3.13/site-packages/scipy/sparse/bsr.py first seen with mtime 1741412086.1334035
File /Users/mac/Desktop/healthcare app/myenv/lib/python3.13/site-packages/scipy/linalg/_decomp.py first seen with mtime 1741412085.9126625
File /Users/mac/Desktop/healthcare app/myenv/lib/python3.13/site-packages/pandas/core/array_algos/quantile.py first seen with mtime 1741412089.1232672
File /Users/mac/Desktop/healthcare app/myenv/lib/python3.13/site-packages/matplotlib/backend_managers.py first seen with mtime 1741412091.8026333
File /Users/mac/Desktop/healthcare app/myenv/lib/python3.13/site-packages/scipy/linalg/_fblas.cpython-313-darwin.so first seen with mtime 1741412085.920285
File /Users/mac/Desktop/healthcare app/myenv/lib/python3.13/site-packages/pyparsing/unicode.py first seen with mtime 1741412084.0676641
File /Users/mac/Desktop/healthcare app/myenv/lib/python3.13/site-packages/pandas/io/clipboards.py first seen with mtime 1741412089.1691368
File /Library/Frameworks/Python.framework/Versions/3.13/lib/python3.13/lib-dynload/_bisect.cpython-313-darwin.so first seen with mtime 1728280548.0
File /Users/mac/Desktop/healthcare app/myenv/lib/python3.13/site-packages/django/contrib/admin/actions.py first seen with mtime 1741430604.39896
File /Users/mac/Desktop/healthcare app/myenv/lib/python3.13/site-packages/cryptography/hazmat/primitives/asymmetric/ed448.py first seen with mtime 1746126558.7555203
File /Users/mac/Desktop/healthcare app/myenv/lib/python3.13/site-packages/scipy/optimize/_lsq/common.py first seen with mtime 1741412085.9754298
File /Users/mac/Desktop/healthcare app/myenv/lib/python3.13/site-packages/autobahn/websocket/protocol.py first seen with mtime 1746126558.9940784
File /Users/mac/Desktop/healthcare app/myenv/lib/python3.13/site-packages/django/middleware/common.py first seen with mtime 1741430605.0277376
File /Users/mac/Desktop/healthcare app/myenv/lib/python3.13/site-packages/seaborn/_stats/density.py first seen with mtime 1741412092.669531
File /Library/Frameworks/Python.framework/Versions/3.13/lib/python3.13/importlib/resources/readers.py first seen with mtime 1728279722.0
File /Users/mac/Desktop/healthcare app/myenv/lib/python3.13/site-packages/_plotly_utils/colors/_swatches.py first seen with mtime 1742030805.4211988
File /Library/Frameworks/Python.framework/Versions/3.13/lib/python3.13/email/charset.py first seen with mtime 1728279722.0
File /Users/mac/Desktop/healthcare app/myenv/lib/python3.13/site-packages/django/contrib/messages/middleware.py first seen with mtime 1741430604.7997382
File /Library/Frameworks/Python.framework/Versions/3.13/lib/python3.13/html/__init__.py first seen with mtime 1728279722.0
File /Users/mac/Desktop/healthcare app/myenv/lib/python3.13/site-packages/plotly/graph_objs/_funnel.py first seen with mtime 1742030805.4368863
File /Users/mac/Desktop/healthcare app/myenv/lib/python3.13/site-packages/django/templatetags/__init__.py first seen with mtime 1741430605.0323877
File /Library/Frameworks/Python.framework/Versions/3.13/lib/python3.13/lib-dynload/cmath.cpython-313-darwin.so first seen with mtime 1728280560.0
File /Users/mac/Desktop/healthcare app/myenv/lib/python3.13/site-packages/scipy/integrate/lsoda.py first seen with mtime 1741412085.9824436
File /Users/mac/Desktop/healthcare app/myenv/lib/python3.13/site-packages/pandas/_libs/tslibs/fields.cpython-313-darwin.so first seen with mtime 1741412089.3856208
File /Users/mac/Desktop/healthcare app/myenv/lib/python3.13/site-packages/twisted/python/zippath.py first seen with mtime 1746126557.1282856
File /Users/mac/Desktop/healthcare app/myenv/lib/python3.13/site-packages/django/db/models/fields/mixins.py first seen with mtime 1741430605.0063317
File /Users/mac/Desktop/healthcare app/myenv/lib/python3.13/site-packages/numpy/f2py/use_rules.py first seen with mtime 1741412084.372021
File /Users/mac/Desktop/healthcare app/myenv/lib/python3.13/site-packages/scipy/sparse/csgraph/_min_spanning_tree.cpython-313-darwin.so first seen with mtime 1741412086.1560204
File /Users/mac/Desktop/healthcare app/myenv/lib/python3.13/site-packages/scipy/optimize/_trustregion_krylov.py first seen with mtime 1741412085.9374752
File /Users/mac/Desktop/healthcare app/myenv/lib/python3.13/site-packages/numpy/polynomial/_polybase.py first seen with mtime 1741412084.4231496
File /Users/mac/Desktop/healthcare app/myenv/lib/python3.13/site-packages/twisted/cred/error.py first seen with mtime 1746126557.0719297
File /Library/Frameworks/Python.framework/Versions/3.13/lib/python3.13/colorsys.py first seen with mtime 1728279722.0
File /Users/mac/Desktop/healthcare app/myenv/lib/python3.13/site-packages/pandas/core/indexes/timedeltas.py first seen with mtime 1741412089.1635482
File /Users/mac/Desktop/healthcare app/myenv/lib/python3.13/site-packages/scipy/interpolate/_fitpack_repro.py first seen with mtime 1741412086.1153245
File /Users/mac/Desktop/healthcare app/myenv/lib/python3.13/site-packages/scipy/spatial/qhull.py first seen with mtime 1741412086.1697237
File /Users/mac/Desktop/healthcare app/myenv/lib/python3.13/site-packages/autobahn/wamp/__init__.py first seen with mtime 1746126558.9737413
File /Users/mac/Desktop/healthcare app/myenv/lib/python3.13/site-packages/pytz/__init__.py first seen with mtime 1741412083.9035006
File /Library/Frameworks/Python.framework/Versions/3.13/lib/python3.13/concurrent/futures/_base.py first seen with mtime 1728279722.0
File /Users/mac/Desktop/healthcare app/myenv/lib/python3.13/site-packages/django/contrib/admindocs/utils.py first seen with mtime 1741430604.5071676
File /Users/mac/Desktop/healthcare app/myenv/lib/python3.13/site-packages/django/core/servers/__init__.py first seen with mtime 1741430604.9869957
File /Users/mac/Desktop/healthcare app/myenv/lib/python3.13/site-packages/seaborn/utils.py first seen with mtime 1741412092.6624706
File /Users/mac/Desktop/healthcare app/myenv/lib/python3.13/site-packages/numpy/lib/_arrayterator_impl.py first seen with mtime 1741412084.394649
File /Users/mac/Desktop/healthcare app/myenv/lib/python3.13/site-packages/django/utils/cache.py first seen with mtime 1741430605.0389776
File /Users/mac/Desktop/healthcare app/myenv/lib/python3.13/site-packages/pandas/core/ops/mask_ops.py first seen with mtime 1741412089.1627839
File /Users/mac/Desktop/healthcare app/myenv/lib/python3.13/site-packages/attr/_funcs.py first seen with mtime 1746126556.765847
File /Users/mac/Desktop/healthcare app/myenv/lib/python3.13/site-packages/django/template/response.py first seen with mtime 1741430605.0304923
File /Users/mac/Desktop/healthcare app/myenv/lib/python3.13/site-packages/django/db/migrations/executor.py first seen with mtime 1741430604.9990766
File /Users/mac/Desktop/healthcare app/myenv/lib/python3.13/site-packages/pandas/_libs/tslibs/timedeltas.cpython-313-darwin.so first seen with mtime 1741412089.3897574
File /Users/mac/Desktop/healthcare app/myenv/lib/python3.13/site-packages/autobahn/websocket/compress_base.py first seen with mtime 1746126558.992579
File /Library/Frameworks/Python.framework/Versions/3.13/lib/python3.13/stringprep.py first seen with mtime 1728279722.0
File /Users/mac/Desktop/healthcare app/myenv/lib/python3.13/site-packages/matplotlib/_cm_bivar.py first seen with mtime 1741412091.8044133
File /Users/mac/Desktop/healthcare app/myenv/lib/python3.13/site-packages/numpy/polynomial/laguerre.py first seen with mtime 1741412084.4230087
File /Users/mac/Desktop/healthcare app/myenv/lib/python3.13/site-packages/plotly/express/trendline_functions/__init__.py first seen with mtime 1742030805.4273956
File /Users/mac/Desktop/healthcare app/myenv/lib/python3.13/site-packages/scipy/stats/_levy_stable/levyst.cpython-313-darwin.so first seen with mtime 1741412086.2100747
File /Users/mac/Desktop/healthcare app/myenv/lib/python3.13/site-packages/django/db/models/expressions.py first seen with mtime 1741430605.0033631
File /Users/mac/Desktop/healthcare app/myenv/lib/python3.13/site-packages/django/contrib/contenttypes/admin.py first seen with mtime 1741430604.6100547
File /Users/mac/Desktop/healthcare app/myenv/lib/python3.13/site-packages/pandas/io/json/_normalize.py first seen with mtime 1741412089.1766624
File /Users/mac/Desktop/healthcare app/myenv/lib/python3.13/site-packages/pytz/tzinfo.py first seen with mtime 1741412083.9042938
File /Users/mac/Desktop/healthcare app/myenv/lib/python3.13/site-packages/urllib3/poolmanager.py first seen with mtime 1741414831.6851783
File /Users/mac/Desktop/healthcare app/myenv/lib/python3.13/site-packages/daphne/http_protocol.py first seen with mtime 1746126559.33314
File /Users/mac/Desktop/healthcare app/myenv/lib/python3.13/site-packages/pandas/core/arrays/integer.py first seen with mtime 1741412089.1579936
File /Users/mac/Desktop/healthcare app/myenv/lib/python3.13/site-packages/scipy/optimize/_zeros_py.py first seen with mtime 1741412085.9351795
File /Library/Frameworks/Python.framework/Versions/3.13/lib/python3.13/importlib/__init__.py first seen with mtime 1728279722.0
File /Users/mac/Desktop/healthcare app/myenv/lib/python3.13/site-packages/pandas/core/nanops.py first seen with mtime 1741412089.1142116
File /Users/mac/Desktop/healthcare app/myenv/lib/python3.13/site-packages/autobahn/__init__.py first seen with mtime 1746126558.9630704
File /Users/mac/Desktop/healthcare app/myenv/lib/python3.13/site-packages/pandas/_libs/json.cpython-313-darwin.so first seen with mtime 1741412089.3724172
File /Users/mac/Desktop/healthcare app/myenv/lib/python3.13/site-packages/txaio/interfaces.py first seen with mtime 1746126556.0599232
File /Users/mac/Desktop/healthcare app/myenv/lib/python3.13/site-packages/pandas/core/arrays/sparse/accessor.py first seen with mtime 1741412089.161304
File /Users/mac/Desktop/healthcare app/myenv/lib/python3.13/site-packages/scipy/fft/_basic_backend.py first seen with mtime 1741412086.1204474
File /Users/mac/Desktop/healthcare app/myenv/lib/python3.13/site-packages/scipy/optimize/_remove_redundancy.py first seen with mtime 1741412085.9419656
File /Users/mac/Desktop/healthcare app/myenv/lib/python3.13/site-packages/urllib3/exceptions.py first seen with mtime 1741414831.6846848
File /Users/mac/Desktop/healthcare app/myenv/lib/python3.13/site-packages/seaborn/colors/xkcd_rgb.py first seen with mtime 1741412092.670207
File /Users/mac/Desktop/healthcare app/myenv/lib/python3.13/site-packages/numpy/_core/defchararray.py first seen with mtime 1741412084.3140957
File /Users/mac/Desktop/healthcare app/myenv/lib/python3.13/site-packages/numpy/lib/_histograms_impl.py first seen with mtime 1741412084.395664
File /Users/mac/Desktop/healthcare app/myenv/lib/python3.13/site-packages/cryptography/hazmat/primitives/ciphers/base.py first seen with mtime 1746126558.752254
File /Users/mac/Desktop/healthcare app/myenv/lib/python3.13/site-packages/scipy/optimize/_trustregion_constr/__init__.py first seen with mtime 1741412085.9769316
File /Users/mac/Desktop/healthcare app/myenv/lib/python3.13/site-packages/twisted/python/versions.py first seen with mtime 1746126557.1280031
File /Library/Frameworks/Python.framework/Versions/3.13/lib/python3.13/asyncio/sslproto.py first seen with mtime 1728279722.0
File /Users/mac/Desktop/healthcare app/myenv/lib/python3.13/site-packages/django/utils/module_loading.py first seen with mtime 1741430605.0452046
File /Users/mac/Desktop/healthcare app/myenv/lib/python3.13/site-packages/matplotlib/_constrained_layout.py first seen with mtime 1741412091.8363733
File /Users/mac/Desktop/healthcare app/myenv/lib/python3.13/site-packages/twisted/_threads/_memory.py first seen with mtime 1746126557.0506058
File /Users/mac/Desktop/healthcare app/myenv/lib/python3.13/site-packages/django/contrib/contenttypes/apps.py first seen with mtime 1741430604.6101398
File /Users/mac/Desktop/healthcare app/myenv/lib/python3.13/site-packages/daphne/apps.py first seen with mtime 1746126559.3324656
File /Users/mac/Desktop/healthcare app/myenv/lib/python3.13/site-packages/scipy/interpolate/_rbfinterp_pythran.cpython-313-darwin.so first seen with mtime 1741412086.1137235
File /Users/mac/Desktop/healthcare app/myenv/lib/python3.13/site-packages/pandas/core/config_init.py first seen with mtime 1741412089.115185
File /Users/mac/Desktop/healthcare app/myenv/lib/python3.13/site-packages/scipy/sparse/dok.py first seen with mtime 1741412086.1319566
File /Users/mac/Desktop/healthcare app/myenv/lib/python3.13/site-packages/packaging/version.py first seen with mtime 1741412084.2710013
File /Users/mac/Desktop/healthcare app/myenv/lib/python3.13/site-packages/pyasn1/type/univ.py first seen with mtime 1746126556.6523156
File /Users/mac/Desktop/healthcare app/myenv/lib/python3.13/site-packages/django/core/files/locks.py first seen with mtime 1741430604.9763126
File /Users/mac/Desktop/healthcare app/myenv/lib/python3.13/site-packages/pyasn1/codec/der/decoder.py first seen with mtime 1746126556.648689
File /Users/mac/Desktop/healthcare app/myenv/lib/python3.13/site-packages/django/views/decorators/__init__.py first seen with mtime 1741430605.0503025
File /Users/mac/Desktop/healthcare app/myenv/lib/python3.13/site-packages/_plotly_utils/colors/sequential.py first seen with mtime 1742030805.4222276
File /Users/mac/Desktop/healthcare app/myenv/lib/python3.13/site-packages/pandas/core/ops/dispatch.py first seen with mtime 1741412089.1622372
File /Users/mac/Desktop/healthcare app/myenv/lib/python3.13/site-packages/cryptography/hazmat/primitives/asymmetric/x25519.py first seen with mtime 1746126558.7558424
File /Users/mac/Desktop/healthcare app/myenv/lib/python3.13/site-packages/scipy/fft/_realtransforms.py first seen with mtime 1741412086.1202257
File /Users/mac/Desktop/healthcare app/myenv/lib/python3.13/site-packages/django/db/models/constraints.py first seen with mtime 1741430605.0029798
File /Users/mac/Desktop/healthcare app/myenv/lib/python3.13/site-packages/matplotlib/units.py first seen with mtime 1741412091.7985442
File /Users/mac/Desktop/healthcare app/myenv/lib/python3.13/site-packages/scipy/_lib/_bunch.py first seen with mtime 1741412086.0476968
File /Users/mac/Desktop/healthcare app/myenv/lib/python3.13/site-packages/pandas/core/internals/managers.py first seen with mtime 1741412089.1303258
File /Users/mac/Desktop/healthcare app/myenv/lib/python3.13/site-packages/scipy/integrate/_ivp/ivp.py first seen with mtime 1741412085.9863105
File /Users/mac/Desktop/healthcare app/myenv/lib/python3.13/site-packages/pandas/io/parquet.py first seen with mtime 1741412089.1682234
File /Users/mac/Desktop/healthcare app/myenv/lib/python3.13/site-packages/pandas/_testing/compat.py first seen with mtime 1741412089.3529575
File /Users/mac/Desktop/healthcare app/myenv/lib/python3.13/site-packages/autobahn/rawsocket/util.py first seen with mtime 1746126558.9684
File /Users/mac/Desktop/healthcare app/myenv/lib/python3.13/site-packages/django/views/generic/list.py first seen with mtime 1741430605.052528
File /Users/mac/Desktop/healthcare app/myenv/lib/python3.13/site-packages/numpy/lib/_twodim_base_impl.py first seen with mtime 1741412084.3975747
File /Users/mac/Desktop/healthcare app/myenv/lib/python3.13/site-packages/scipy/stats/mstats_extras.py first seen with mtime 1741412086.1997025
File /Users/mac/Desktop/healthcare app/myenv/lib/python3.13/site-packages/pandas/core/groupby/categorical.py first seen with mtime 1741412089.1274056
File /Users/mac/Desktop/healthcare app/myenv/lib/python3.13/site-packages/scipy/optimize/_dual_annealing.py first seen with mtime 1741412085.9399624
File /Users/mac/Desktop/healthcare app/myenv/lib/python3.13/site-packages/seaborn/_core/data.py first seen with mtime 1741412092.6664839
File /Users/mac/Desktop/healthcare app/myenv/lib/python3.13/site-packages/scipy/sparse/linalg/_special_sparse_arrays.py first seen with mtime 1741412086.1374016
File /Users/mac/Desktop/healthcare app/myenv/lib/python3.13/site-packages/django/utils/duration.py first seen with mtime 1741430605.0418553
File /Users/mac/Desktop/healthcare app/myenv/lib/python3.13/site-packages/scipy/interpolate/_fitpack_impl.py first seen with mtime 1741412086.1149373
File /Users/mac/Desktop/healthcare app/myenv/lib/python3.13/site-packages/scipy/linalg/blas.py first seen with mtime 1741412085.914551
File /Users/mac/Desktop/healthcare app/myenv/lib/python3.13/site-packages/scipy/interpolate/_dfitpack.cpython-313-darwin.so first seen with mtime 1741412086.1127968
File /Users/mac/Desktop/healthcare app/myenv/lib/python3.13/site-packages/scipy/spatial/distance.py first seen with mtime 1741412086.166094
File /Users/mac/Desktop/healthcare app/myenv/lib/python3.13/site-packages/urllib3/util/connection.py first seen with mtime 1741414831.6874216
File /Users/mac/Desktop/healthcare app/myenv/lib/python3.13/site-packages/rest_framework/utils/model_meta.py first seen with mtime 1741700066.588974
File /Users/mac/Desktop/healthcare app/myenv/lib/python3.13/site-packages/matplotlib/backends/backend_agg.py first seen with mtime 1741412091.8524988
File /Users/mac/Desktop/healthcare app/myenv/lib/python3.13/site-packages/numpy/lib/scimath.py first seen with mtime 1741412084.392351
File /Users/mac/Desktop/healthcare app/myenv/lib/python3.13/site-packages/scipy/integrate/_tanhsinh.py first seen with mtime 1741412085.9836462
File /Users/mac/Desktop/healthcare app/myenv/lib/python3.13/site-packages/scipy/sparse/csgraph/_matching.cpython-313-darwin.so first seen with mtime 1741412086.1566126
File /Users/mac/Desktop/healthcare app/myenv/lib/python3.13/site-packages/scipy/sparse/linalg/_isolve/tfqmr.py first seen with mtime 1741412086.1469867
File /Users/mac/Desktop/healthcare app/myenv/lib/python3.13/site-packages/pandas/core/internals/concat.py first seen with mtime 1741412089.129017
File /Users/mac/Desktop/healthcare app/myenv/lib/python3.13/site-packages/numpy/lib/_polynomial_impl.py first seen with mtime 1741412084.3915584
File /Users/mac/Desktop/healthcare app/myenv/lib/python3.13/site-packages/django/urls/resolvers.py first seen with mtime 1741430605.0368168
File /Library/Frameworks/Python.framework/Versions/3.13/lib/python3.13/email/base64mime.py first seen with mtime 1728279722.0
File /Users/mac/Desktop/healthcare app/myenv/lib/python3.13/site-packages/numpy/f2py/_backends/__init__.py first seen with mtime 1741412084.3725572
File /Users/mac/Desktop/healthcare app/myenv/lib/python3.13/site-packages/django/contrib/admin/filters.py first seen with mtime 1741430604.399467
File /Users/mac/Desktop/healthcare app/myenv/lib/python3.13/site-packages/PIL/ImageColor.py first seen with mtime 1741412084.116353
File /Users/mac/Desktop/healthcare app/myenv/lib/python3.13/site-packages/twisted/internet/posixbase.py first seen with mtime 1746126557.0795443
File /Users/mac/Desktop/healthcare app/myenv/lib/python3.13/site-packages/pandas/core/strings/object_array.py first seen with mtime 1741412089.1205842
File /Users/mac/Desktop/healthcare app/myenv/lib/python3.13/site-packages/twisted/logger/_global.py first seen with mtime 1746126557.0944946
File /Users/mac/Desktop/healthcare app/myenv/lib/python3.13/site-packages/sqlparse/keywords.py first seen with mtime 1741430604.2894683
File /Users/mac/Desktop/healthcare app/myenv/lib/python3.13/site-packages/django/views/generic/dates.py first seen with mtime 1741430605.0518982
File /Users/mac/Desktop/healthcare app/myenv/lib/python3.13/site-packages/scipy/sparse/csgraph/_laplacian.py first seen with mtime 1741412086.1549127
File /Users/mac/Desktop/healthcare app/myenv/lib/python3.13/site-packages/twisted/python/filepath.py first seen with mtime 1746126557.1245124
File /Users/mac/Desktop/healthcare app/myenv/lib/python3.13/site-packages/django/template/loader.py first seen with mtime 1741430605.0301056
File /Users/mac/Desktop/healthcare app/myenv/lib/python3.13/site-packages/twisted/python/failure.py first seen with mtime 1746126557.1242454
File /Users/mac/Desktop/healthcare app/myenv/lib/python3.13/site-packages/plotly/graph_objs/_histogram2d.py first seen with mtime 1742030805.4376557
File /Users/mac/Desktop/healthcare app/myenv/lib/python3.13/site-packages/PIL/ImageFile.py first seen with mtime 1741412084.1151865
File /Users/mac/Desktop/healthcare app/myenv/lib/python3.13/site-packages/PIL/_binary.py first seen with mtime 1741412084.1294441
File /Users/mac/Desktop/healthcare app/myenv/lib/python3.13/site-packages/scipy/integrate/_rules/_gauss_legendre.py first seen with mtime 1741412085.9852557
File /Users/mac/Desktop/healthcare app/myenv/lib/python3.13/site-packages/click/_compat.py first seen with mtime 1741413491.4132655
File /Users/mac/Desktop/healthcare app/myenv/lib/python3.13/site-packages/scipy/special/_ellip_harm.py first seen with mtime 1741412086.0676153
File /Users/mac/Desktop/healthcare app/myenv/lib/python3.13/site-packages/scipy/optimize/_cython_nnls.cpython-313-darwin.so first seen with mtime 1741412085.9402301
File /Users/mac/Desktop/healthcare app/myenv/lib/python3.13/site-packages/plotly/graph_objs/_figure.py first seen with mtime 1742030805.434661
File /Users/mac/Desktop/healthcare app/myenv/lib/python3.13/site-packages/django/db/utils.py first seen with mtime 1741430604.9877193
File /Users/mac/Desktop/healthcare app/myenv/lib/python3.13/site-packages/django/template/context.py first seen with mtime 1741430605.0289378
File /Users/mac/Desktop/healthcare app/myenv/lib/python3.13/site-packages/dateutil/rrule.py first seen with mtime 1741412087.9025495
File /Users/mac/Desktop/healthcare app/myenv/lib/python3.13/site-packages/scipy/fft/_fftlog.py first seen with mtime 1741412086.1206892
File /Library/Frameworks/Python.framework/Versions/3.13/lib/python3.13/zoneinfo/_tzpath.py first seen with mtime 1728279723.0
File /Users/mac/Desktop/healthcare app/myenv/lib/python3.13/site-packages/pandas/core/indexes/accessors.py first seen with mtime 1741412089.1632032
File /Users/mac/Desktop/healthcare app/myenv/lib/python3.13/site-packages/scipy/optimize/lbfgsb.py first seen with mtime 1741412085.932304
File /Users/mac/Desktop/healthcare app/myenv/lib/python3.13/site-packages/rest_framework/schemas/openapi.py first seen with mtime 1741700066.571835
File /Users/mac/Desktop/healthcare app/myenv/lib/python3.13/site-packages/django/contrib/sessions/base_session.py first seen with mtime 1741430604.8782256
File /Users/mac/Desktop/healthcare app/myenv/lib/python3.13/site-packages/matplotlib/ft2font.cpython-313-darwin.so first seen with mtime 1741412091.829742
File /Users/mac/Desktop/healthcare app/myenv/lib/python3.13/site-packages/matplotlib/dates.py first seen with mtime 1741412091.8315866
File /Users/mac/Desktop/healthcare app/myenv/lib/python3.13/site-packages/numpy/random/_bounded_integers.cpython-313-darwin.so first seen with mtime 1741412084.4086292
File /Users/mac/Desktop/healthcare app/myenv/lib/python3.13/site-packages/scipy/sparse/data.py first seen with mtime 1741412086.135683
File /Library/Frameworks/Python.framework/Versions/3.13/lib/python3.13/email/_encoded_words.py first seen with mtime 1728279722.0
File /Users/mac/Desktop/healthcare app/myenv/lib/python3.13/site-packages/numpy/_utils/__init__.py first seen with mtime 1741412084.301691
File /Users/mac/Desktop/healthcare app/myenv/lib/python3.13/site-packages/pandas/api/typing/__init__.py first seen with mtime 1741412089.4019568
File /Users/mac/Desktop/healthcare app/myenv/lib/python3.13/site-packages/pyasn1/debug.py first seen with mtime 1746126556.644623
File /Users/mac/Desktop/healthcare app/myenv/lib/python3.13/site-packages/cryptography/utils.py first seen with mtime 1746126558.7723477
File /Users/mac/Desktop/healthcare app/myenv/lib/python3.13/site-packages/django/core/signing.py first seen with mtime 1741430604.971048
File /Users/mac/Desktop/healthcare app/myenv/lib/python3.13/site-packages/pandas/io/excel/_xlrd.py first seen with mtime 1741412089.1751401
File /Library/Frameworks/Python.framework/Versions/3.13/lib/python3.13/csv.py first seen with mtime 1728279722.0
File /Users/mac/Desktop/healthcare app/myenv/lib/python3.13/site-packages/django/contrib/sessions/backends/base.py first seen with mtime 1741430604.8788593
File /Users/mac/Desktop/healthcare app/myenv/lib/python3.13/site-packages/django/template/loaders/filesystem.py first seen with mtime 1741430605.0321717
File /Library/Frameworks/Python.framework/Versions/3.13/lib/python3.13/lib-dynload/fcntl.cpython-313-darwin.so first seen with mtime 1728280560.0
File /Users/mac/Desktop/healthcare app/myenv/lib/python3.13/site-packages/django/contrib/staticfiles/__init__.py first seen with mtime 1741430604.9679027
File /Users/mac/Desktop/healthcare app/myenv/lib/python3.13/site-packages/scipy/_lib/_testutils.py first seen with mtime 1741412086.0462627
File /Users/mac/Desktop/healthcare app/myenv/lib/python3.13/site-packages/numpy/_core/_add_newdocs_scalars.py first seen with mtime 1741412084.3130157
File /Library/Frameworks/Python.framework/Versions/3.13/lib/python3.13/zoneinfo/_common.py first seen with mtime 1728279723.0
File /Users/mac/Desktop/healthcare app/myenv/lib/python3.13/site-packages/django/db/backends/ddl_references.py first seen with mtime 1741430604.9880116
File /Users/mac/Desktop/healthcare app/myenv/lib/python3.13/site-packages/pandas/io/spss.py first seen with mtime 1741412089.170425
File /Library/Frameworks/Python.framework/Versions/3.13/lib/python3.13/lib-dynload/_pickle.cpython-313-darwin.so first seen with mtime 1728280554.0
File /Users/mac/Desktop/healthcare app/myenv/lib/python3.13/site-packages/matplotlib/_color_data.py first seen with mtime 1741412091.822221
File /Users/mac/Desktop/healthcare app/myenv/lib/python3.13/site-packages/django/db/backends/base/schema.py first seen with mtime 1741430604.9902496
File /Users/mac/Desktop/healthcare app/myenv/lib/python3.13/site-packages/pandas/io/html.py first seen with mtime 1741412089.1686792
File /Users/mac/Desktop/healthcare app/myenv/lib/python3.13/site-packages/pandas/_libs/tslibs/strptime.cpython-313-darwin.so first seen with mtime 1741412089.3929992
File /Users/mac/Desktop/healthcare app/healthcare_project/healthcare_project/urls.py first seen with mtime 1741608948.4668136
File /Users/mac/Desktop/healthcare app/myenv/lib/python3.13/site-packages/pandas/core/computation/eval.py first seen with mtime 1741412089.1319988
File /Users/mac/Desktop/healthcare app/myenv/lib/python3.13/site-packages/pandas/core/window/online.py first seen with mtime 1741412089.147846
File /Users/mac/Desktop/healthcare app/myenv/lib/python3.13/site-packages/pandas/core/_numba/__init__.py first seen with mtime 1741412089.1324058
File /Users/mac/Desktop/healthcare app/myenv/lib/python3.13/site-packages/scipy/sparse/lil.py first seen with mtime 1741412086.133018
File /Users/mac/Desktop/healthcare app/myenv/lib/python3.13/site-packages/numpy/lib/_scimath_impl.py first seen with mtime 1741412084.3936589
File /Library/Frameworks/Python.framework/Versions/3.13/lib/python3.13/unittest/util.py first seen with mtime 1728279722.0
File /Library/Frameworks/Python.framework/Versions/3.13/lib/python3.13/zipfile/__init__.py first seen with mtime 1728279722.0
File /Users/mac/Desktop/healthcare app/myenv/lib/python3.13/site-packages/django/views/generic/edit.py first seen with mtime 1741430605.0522854
File /Library/Frameworks/Python.framework/Versions/3.13/lib/python3.13/signal.py first seen with mtime 1728279722.0
File /Users/mac/Desktop/healthcare app/myenv/lib/python3.13/site-packages/autobahn/websocket/utf8validator.py first seen with mtime 1746126558.99475
File /Users/mac/Desktop/healthcare app/myenv/lib/python3.13/site-packages/pyasn1/type/error.py first seen with mtime 1746126556.6510856
File /Users/mac/Desktop/healthcare app/myenv/lib/python3.13/site-packages/twisted/_version.py first seen with mtime 1746126557.049672
File /Library/Frameworks/Python.framework/Versions/3.13/lib/python3.13/lib-dynload/_bz2.cpython-313-darwin.so first seen with mtime 1728280548.0
File /Users/mac/Desktop/healthcare app/myenv/lib/python3.13/site-packages/cryptography/hazmat/primitives/serialization/__init__.py first seen with mtime 1746126558.7484996
File /Library/Frameworks/Python.framework/Versions/3.13/lib/python3.13/email/mime/__init__.py first seen with mtime 1728279722.0
File /Users/mac/Desktop/healthcare app/myenv/lib/python3.13/site-packages/OpenSSL/__init__.py first seen with mtime 1746126558.9275205
File /Users/mac/Desktop/healthcare app/myenv/lib/python3.13/site-packages/pandas/core/roperator.py first seen with mtime 1741412089.1142995
File /Users/mac/Desktop/healthcare app/myenv/lib/python3.13/site-packages/matplotlib/axis.py first seen with mtime 1741412091.797012
File /Users/mac/Desktop/healthcare app/myenv/lib/python3.13/site-packages/matplotlib/cbook.py first seen with mtime 1741412091.8031135
File /Library/Frameworks/Python.framework/Versions/3.13/lib/python3.13/pathlib/__init__.py first seen with mtime 1728279722.0
File /Users/mac/Desktop/healthcare app/myenv/lib/python3.13/site-packages/scipy/optimize/_cobyqa_py.py first seen with mtime 1741412085.9407067
File /Users/mac/Desktop/healthcare app/myenv/lib/python3.13/site-packages/scipy/special/_gufuncs.cpython-313-darwin.so first seen with mtime 1741412086.0709321
File /Users/mac/Desktop/healthcare app/myenv/lib/python3.13/site-packages/charset_normalizer/md__mypyc.cpython-313-darwin.so first seen with mtime 1741414831.769711
File /Users/mac/Desktop/healthcare app/myenv/lib/python3.13/site-packages/pyasn1/compat/__init__.py first seen with mtime 1746126556.6500802
File /Users/mac/Desktop/healthcare app/myenv/lib/python3.13/site-packages/plotly/graph_objs/_box.py first seen with mtime 1742030805.4322426
File /Users/mac/Desktop/healthcare app/myenv/lib/python3.13/site-packages/scipy/integrate/_dop.cpython-313-darwin.so first seen with mtime 1741412085.9821823
File /Users/mac/Desktop/healthcare app/myenv/lib/python3.13/site-packages/PIL/ImagePalette.py first seen with mtime 1741412084.1278102
File /Users/mac/Desktop/healthcare app/myenv/lib/python3.13/site-packages/matplotlib/container.py first seen with mtime 1741412091.8195045
File /Users/mac/Desktop/healthcare app/myenv/lib/python3.13/site-packages/attrs/__init__.py first seen with mtime 1746126556.7687795
File /Users/mac/Desktop/healthcare app/myenv/lib/python3.13/site-packages/matplotlib/patches.py first seen with mtime 1741412091.8227677
File /Users/mac/Desktop/healthcare app/myenv/lib/python3.13/site-packages/numpy/matrixlib/__init__.py first seen with mtime 1741412084.4212143
File /Users/mac/Desktop/healthcare app/myenv/lib/python3.13/site-packages/pandas/_testing/__init__.py first seen with mtime 1741412089.3532808
File /Library/Frameworks/Python.framework/Versions/3.13/lib/python3.13/_compat_pickle.py first seen with mtime 1728279722.0
File /Library/Frameworks/Python.framework/Versions/3.13/lib/python3.13/re/_casefix.py first seen with mtime 1728279722.0
File /Users/mac/Desktop/healthcare app/myenv/lib/python3.13/site-packages/matplotlib/table.py first seen with mtime 1741412091.8319452
File /Users/mac/Desktop/healthcare app/myenv/lib/python3.13/site-packages/scipy/optimize/_lsq/lsq_linear.py first seen with mtime 1741412085.975673
File /Users/mac/Desktop/healthcare app/myenv/lib/python3.13/site-packages/django/db/models/sql/where.py first seen with mtime 1741430605.0094848
File /Users/mac/Desktop/healthcare app/myenv/lib/python3.13/site-packages/scipy/sparse/linalg/_expm_multiply.py first seen with mtime 1741412086.1364949
File /Users/mac/Desktop/healthcare app/myenv/lib/python3.13/site-packages/pandas/core/indexers/utils.py first seen with mtime 1741412089.1186743
File /Library/Frameworks/Python.framework/Versions/3.13/lib/python3.13/lib-dynload/_ctypes.cpython-313-darwin.so first seen with mtime 1728280550.0
File /Users/mac/Desktop/healthcare app/myenv/lib/python3.13/site-packages/django/core/cache/__init__.py first seen with mtime 1741430604.971527
File /Users/mac/Desktop/healthcare app/myenv/lib/python3.13/site-packages/PIL/PaletteFile.py first seen with mtime 1741412084.1196244
File /Users/mac/Desktop/healthcare app/myenv/lib/python3.13/site-packages/pandas/_libs/interval.cpython-313-darwin.so first seen with mtime 1741412089.3648639
File /Users/mac/Desktop/healthcare app/myenv/lib/python3.13/site-packages/scipy/special/_spfun_stats.py first seen with mtime 1741412086.0593715
File /Users/mac/Desktop/healthcare app/myenv/lib/python3.13/site-packages/pandas/_libs/testing.cpython-313-darwin.so first seen with mtime 1741412089.3552375
File /Users/mac/Desktop/healthcare app/myenv/lib/python3.13/site-packages/django/core/files/utils.py first seen with mtime 1741430604.9772263
File /Users/mac/Desktop/healthcare app/myenv/lib/python3.13/site-packages/autobahn/wamp/exception.py first seen with mtime 1746126558.9751623
File /Users/mac/Desktop/healthcare app/myenv/lib/python3.13/site-packages/autobahn/util.py first seen with mtime 1746126558.9641347
File /Users/mac/Desktop/healthcare app/myenv/lib/python3.13/site-packages/pandas/io/api.py first seen with mtime 1741412089.1692393
File /Users/mac/Desktop/healthcare app/myenv/lib/python3.13/site-packages/django/db/models/functions/text.py first seen with mtime 1741430605.0081506
File /Users/mac/Desktop/healthcare app/myenv/lib/python3.13/site-packages/pandas/core/window/numba_.py first seen with mtime 1741412089.1488657
File /Users/mac/Desktop/healthcare app/myenv/lib/python3.13/site-packages/pandas/core/dtypes/concat.py first seen with mtime 1741412089.126204
File /Users/mac/Desktop/healthcare app/myenv/lib/python3.13/site-packages/requests/status_codes.py first seen with mtime 1741414831.7942266
File /Users/mac/Desktop/healthcare app/myenv/lib/python3.13/site-packages/scipy/interpolate/_bary_rational.py first seen with mtime 1741412086.1138778
File /Users/mac/Desktop/healthcare app/myenv/lib/python3.13/site-packages/scipy/optimize/__init__.py first seen with mtime 1741412085.9362626
File /Users/mac/Desktop/healthcare app/myenv/lib/python3.13/site-packages/scipy/spatial/_voronoi.cpython-313-darwin.so first seen with mtime 1741412086.1643727
File /Users/mac/Desktop/healthcare app/myenv/lib/python3.13/site-packages/rest_framework/decorators.py first seen with mtime 1741700066.5503845
File /Users/mac/Desktop/healthcare app/myenv/lib/python3.13/site-packages/django/core/handlers/wsgi.py first seen with mtime 1741430604.9790068
File /Users/mac/Desktop/healthcare app/myenv/lib/python3.13/site-packages/seaborn/external/kde.py first seen with mtime 1741412092.6709895
File /Users/mac/Desktop/healthcare app/myenv/lib/python3.13/site-packages/cryptography/hazmat/primitives/asymmetric/ec.py first seen with mtime 1746126558.7536738
File /Users/mac/Desktop/healthcare app/myenv/lib/python3.13/site-packages/pandas/io/excel/_odswriter.py first seen with mtime 1741412089.1756608
File /Users/mac/Desktop/healthcare app/myenv/lib/python3.13/site-packages/scipy/fft/_pocketfft/basic.py first seen with mtime 1741412086.1226375
File /Users/mac/Desktop/healthcare app/myenv/lib/python3.13/site-packages/scipy/_lib/deprecation.py first seen with mtime 1741412086.046899
File /Users/mac/Desktop/healthcare app/myenv/lib/python3.13/site-packages/django/contrib/staticfiles/finders.py first seen with mtime 1741430604.9682682
File /Users/mac/Desktop/healthcare app/myenv/lib/python3.13/site-packages/scipy/sparse/_csr.py first seen with mtime 1741412086.133316
File /Users/mac/Desktop/healthcare app/myenv/lib/python3.13/site-packages/django/db/models/fields/proxy.py first seen with mtime 1741430605.0064325
File /Library/Frameworks/Python.framework/Versions/3.13/lib/python3.13/unittest/main.py first seen with mtime 1728279722.0
File /Users/mac/Desktop/healthcare app/myenv/lib/python3.13/site-packages/scipy/_lib/doccer.py first seen with mtime 1741412086.0499322
File /Users/mac/Desktop/healthcare app/myenv/lib/python3.13/site-packages/numpy/random/_philox.cpython-313-darwin.so first seen with mtime 1741412084.4081788
File /Users/mac/Desktop/healthcare app/myenv/lib/python3.13/site-packages/scipy/stats/morestats.py first seen with mtime 1741412086.203963
File /Users/mac/Desktop/healthcare app/myenv/lib/python3.13/site-packages/seaborn/rcmod.py first seen with mtime 1741412092.66204
File /Library/Frameworks/Python.framework/Versions/3.13/lib/python3.13/operator.py first seen with mtime 1728279722.0
File /Users/mac/Desktop/healthcare app/myenv/lib/python3.13/site-packages/numpy/lib/_stride_tricks_impl.py first seen with mtime 1741412084.3924592
File /Library/Frameworks/Python.framework/Versions/3.13/lib/python3.13/subprocess.py first seen with mtime 1728279722.0
File /Users/mac/Desktop/healthcare app/myenv/lib/python3.13/site-packages/dateutil/tz/_factories.py first seen with mtime 1741412087.9041867
File /Users/mac/Desktop/healthcare app/myenv/lib/python3.13/site-packages/twisted/internet/__init__.py first seen with mtime 1746126557.0736194
File /Users/mac/Desktop/healthcare app/myenv/lib/python3.13/site-packages/django/contrib/admin/views/decorators.py first seen with mtime 1741430604.5062687
File /Users/mac/Desktop/healthcare app/myenv/lib/python3.13/site-packages/rest_framework/generics.py first seen with mtime 1741700066.5511913
File /Users/mac/Desktop/healthcare app/myenv/lib/python3.13/site-packages/django/middleware/security.py first seen with mtime 1741430605.0282261
File /Users/mac/Desktop/healthcare app/myenv/lib/python3.13/site-packages/cryptography/hazmat/bindings/openssl/__init__.py first seen with mtime 1746126558.7681255
File /Library/Frameworks/Python.framework/Versions/3.13/lib/python3.13/importlib/metadata/_functools.py first seen with mtime 1728279722.0
File /Users/mac/Desktop/healthcare app/myenv/lib/python3.13/site-packages/django/urls/utils.py first seen with mtime 1741430605.0369332
File /Users/mac/Desktop/healthcare app/myenv/lib/python3.13/site-packages/django/contrib/messages/apps.py first seen with mtime 1741430604.7994063
File /Users/mac/Desktop/healthcare app/myenv/lib/python3.13/site-packages/scipy/spatial/kdtree.py first seen with mtime 1741412086.1671808
File /Users/mac/Desktop/healthcare app/myenv/lib/python3.13/site-packages/scipy/cluster/__init__.py first seen with mtime 1741412085.8974683
File /Users/mac/Desktop/healthcare app/myenv/lib/python3.13/site-packages/plotly/io/__init__.py first seen with mtime 1742030805.668318
File /Users/mac/Desktop/healthcare app/myenv/lib/python3.13/site-packages/twisted/python/sendmsg.py first seen with mtime 1746126557.126492
File /Library/Frameworks/Python.framework/Versions/3.13/lib/python3.13/heapq.py first seen with mtime 1728279722.0
File /Library/Frameworks/Python.framework/Versions/3.13/lib/python3.13/email/feedparser.py first seen with mtime 1728279722.0
File /Users/mac/Desktop/healthcare app/myenv/lib/python3.13/site-packages/django/core/checks/security/csrf.py first seen with mtime 1741430604.9754663
File /Users/mac/Desktop/healthcare app/myenv/lib/python3.13/site-packages/twisted/logger/_file.py first seen with mtime 1746126557.0938497
File /Users/mac/Desktop/healthcare app/myenv/lib/python3.13/site-packages/pandas/io/json/_json.py first seen with mtime 1741412089.1765378
File /Users/mac/Desktop/healthcare app/myenv/lib/python3.13/site-packages/scipy/linalg/_decomp_lu_cython.cpython-313-darwin.so first seen with mtime 1741412085.9156547
File /Users/mac/Desktop/healthcare app/myenv/lib/python3.13/site-packages/scipy/ndimage/_delegators.py first seen with mtime 1741412085.8998637
File /Users/mac/Desktop/healthcare app/myenv/lib/python3.13/site-packages/pandas/core/groupby/numba_.py first seen with mtime 1741412089.1287737
File /Users/mac/Desktop/healthcare app/myenv/lib/python3.13/site-packages/sqlparse/lexer.py first seen with mtime 1741430604.289691
File /Users/mac/Desktop/healthcare app/myenv/lib/python3.13/site-packages/scipy/linalg/decomp_svd.py first seen with mtime 1741412085.9107394
File /Users/mac/Desktop/healthcare app/myenv/lib/python3.13/site-packages/urllib3/util/util.py first seen with mtime 1741414831.689695
File /Users/mac/Desktop/healthcare app/myenv/lib/python3.13/site-packages/autobahn/websocket/compress_deflate.py first seen with mtime 1746126558.992822
File /Users/mac/Desktop/healthcare app/myenv/lib/python3.13/site-packages/dateutil/_common.py first seen with mtime 1741412087.9021058
File /Users/mac/Desktop/healthcare app/myenv/lib/python3.13/site-packages/scipy/linalg/decomp_cholesky.py first seen with mtime 1741412085.908054
File /Users/mac/Desktop/healthcare app/myenv/lib/python3.13/site-packages/scipy/sparse/linalg/_isolve/lgmres.py first seen with mtime 1741412086.1481566
File /Users/mac/Desktop/healthcare app/myenv/lib/python3.13/site-packages/sqlparse/engine/filter_stack.py first seen with mtime 1741430604.2902858
File /Users/mac/Desktop/healthcare app/myenv/lib/python3.13/site-packages/scipy/_lib/_pep440.py first seen with mtime 1741412086.0465074
File /Users/mac/Desktop/healthcare app/myenv/lib/python3.13/site-packages/pandas/core/groupby/indexing.py first seen with mtime 1741412089.1282752
File /Users/mac/Desktop/healthcare app/myenv/lib/python3.13/site-packages/django/utils/choices.py first seen with mtime 1741430605.0392127
File /Library/Frameworks/Python.framework/Versions/3.13/lib/python3.13/json/__init__.py first seen with mtime 1728279722.0
File /Users/mac/Desktop/healthcare app/myenv/lib/python3.13/site-packages/pandas/core/dtypes/__init__.py first seen with mtime 1741412089.1264596
File /Users/mac/Desktop/healthcare app/myenv/lib/python3.13/site-packages/autobahn/websocket/util.py first seen with mtime 1746126558.9954045
File /Users/mac/Desktop/healthcare app/myenv/lib/python3.13/site-packages/scipy/sparse/_data.py first seen with mtime 1741412086.1283832
File /Library/Frameworks/Python.framework/Versions/3.13/lib/python3.13/html/parser.py first seen with mtime 1728279722.0
File /Users/mac/Desktop/healthcare app/myenv/lib/python3.13/site-packages/autobahn/websocket/types.py first seen with mtime 1746126558.9945223
File /Users/mac/Desktop/healthcare app/myenv/lib/python3.13/site-packages/pandas/io/formats/console.py first seen with mtime 1741412089.1715648
File /Library/Frameworks/Python.framework/Versions/3.13/lib/python3.13/asyncio/base_futures.py first seen with mtime 1728279722.0
File /Users/mac/Desktop/healthcare app/myenv/lib/python3.13/site-packages/django/utils/tree.py first seen with mtime 1741430605.0477896
File /Users/mac/Desktop/healthcare app/myenv/lib/python3.13/site-packages/pandas/core/arrays/period.py first seen with mtime 1741412089.1592402
File /Users/mac/Desktop/healthcare app/myenv/lib/python3.13/site-packages/seaborn/external/appdirs.py first seen with mtime 1741412092.6704257
File /Users/mac/Desktop/healthcare app/myenv/lib/python3.13/site-packages/matplotlib/backends/_backend_agg.cpython-313-darwin.so first seen with mtime 1741412091.8470745
File /Users/mac/Desktop/healthcare app/myenv/lib/python3.13/site-packages/scipy/_lib/array_api_compat/common/_helpers.py first seen with mtime 1741412086.0547686
File /Users/mac/Desktop/healthcare app/myenv/lib/python3.13/site-packages/numpy/polynomial/polynomial.py first seen with mtime 1741412084.4250271
File /Users/mac/Desktop/healthcare app/myenv/lib/python3.13/site-packages/numpy/_typing/_nbit_base.py first seen with mtime 1741412084.3463798
File /Users/mac/Desktop/healthcare app/myenv/lib/python3.13/site-packages/django/templatetags/i18n.py first seen with mtime 1741430605.0326388
File /Users/mac/Desktop/healthcare app/myenv/lib/python3.13/site-packages/pandas/_libs/tslibs/ccalendar.cpython-313-darwin.so first seen with mtime 1741412089.3903399
File /Users/mac/Desktop/healthcare app/myenv/lib/python3.13/site-packages/django/contrib/auth/backends.py first seen with mtime 1741430604.55754
File /Users/mac/Desktop/healthcare app/myenv/lib/python3.13/site-packages/rest_framework/utils/formatting.py first seen with mtime 1741700066.5880315
File /Users/mac/Desktop/healthcare app/myenv/lib/python3.13/site-packages/django/contrib/messages/api.py first seen with mtime 1741430604.7992811
File /Users/mac/Desktop/healthcare app/myenv/lib/python3.13/site-packages/typing_extensions.py first seen with mtime 1746126556.0401928
File /Users/mac/Desktop/healthcare app/myenv/lib/python3.13/site-packages/django/forms/forms.py first seen with mtime 1741430605.0107005
File /Users/mac/Desktop/healthcare app/myenv/lib/python3.13/site-packages/seaborn/widgets.py first seen with mtime 1741412092.6627026
File /Users/mac/Desktop/healthcare app/myenv/lib/python3.13/site-packages/matplotlib/backends/registry.py first seen with mtime 1741412091.8443415
File /Users/mac/Desktop/healthcare app/myenv/lib/python3.13/site-packages/pandas/core/computation/api.py first seen with mtime 1741412089.1314301
File /Users/mac/Desktop/healthcare app/myenv/lib/python3.13/site-packages/django/contrib/auth/decorators.py first seen with mtime 1741430604.5584123
File /Users/mac/Desktop/healthcare app/myenv/lib/python3.13/site-packages/scipy/ndimage/_filters.py first seen with mtime 1741412085.903746
File /Users/mac/Desktop/healthcare app/myenv/lib/python3.13/site-packages/numpy/_pytesttester.py first seen with mtime 1741412084.301234
File /Users/mac/Desktop/healthcare app/myenv/lib/python3.13/site-packages/django/utils/lorem_ipsum.py first seen with mtime 1741430605.0446818
File /Users/mac/Desktop/healthcare app/myenv/lib/python3.13/site-packages/scipy/optimize/_highspy/_highs_options.cpython-313-darwin.so first seen with mtime 1741412085.9741607
File /Users/mac/Desktop/healthcare app/myenv/lib/python3.13/site-packages/scipy/linalg/_matfuncs.py first seen with mtime 1741412085.9132807
File /Users/mac/Desktop/healthcare app/myenv/lib/python3.13/site-packages/scipy/optimize/minpack.py first seen with mtime 1741412085.9349186
File /Users/mac/Desktop/healthcare app/myenv/lib/python3.13/site-packages/pygments/__init__.py first seen with mtime 1741412251.8285315
File /Users/mac/Desktop/healthcare app/myenv/lib/python3.13/site-packages/scipy/optimize/_lsq/bvls.py first seen with mtime 1741412085.975882
File /Users/mac/Desktop/healthcare app/myenv/lib/python3.13/site-packages/numpy/lib/_array_utils_impl.py first seen with mtime 1741412084.392038
File /Users/mac/Desktop/healthcare app/myenv/lib/python3.13/site-packages/pandas/_config/__init__.py first seen with mtime 1741412089.4023428
File /Library/Frameworks/Python.framework/Versions/3.13/lib/python3.13/tempfile.py first seen with mtime 1728279722.0
File /Users/mac/Desktop/healthcare app/myenv/lib/python3.13/site-packages/django/core/management/base.py first seen with mtime 1741430604.981181
File /Users/mac/Desktop/healthcare app/myenv/lib/python3.13/site-packages/pyparsing/common.py first seen with mtime 1741412084.0661912
File /Library/Frameworks/Python.framework/Versions/3.13/lib/python3.13/ast.py first seen with mtime 1728279722.0
File /Users/mac/Desktop/healthcare app/myenv/lib/python3.13/site-packages/narwhals/stable/v1/_dtypes.py first seen with mtime 1742030805.2124197
File /Users/mac/Desktop/healthcare app/myenv/lib/python3.13/site-packages/pandas/core/reshape/util.py first seen with mtime 1741412089.1195827
File /Users/mac/Desktop/healthcare app/myenv/lib/python3.13/site-packages/pandas/core/_numba/executor.py first seen with mtime 1741412089.1327477
File /Users/mac/Desktop/healthcare app/myenv/lib/python3.13/site-packages/scipy/linalg/_special_matrices.py first seen with mtime 1741412085.9197884
File /Users/mac/Desktop/healthcare app/myenv/lib/python3.13/site-packages/scipy/integrate/_odepack_py.py first seen with mtime 1741412085.9804432
File /Library/Frameworks/Python.framework/Versions/3.13/lib/python3.13/reprlib.py first seen with mtime 1728279722.0
File /Users/mac/Desktop/healthcare app/myenv/lib/python3.13/site-packages/numpy/fft/_helper.py first seen with mtime 1741412084.4035084
File /Users/mac/Desktop/healthcare app/myenv/lib/python3.13/site-packages/scipy/special/sf_error.py first seen with mtime 1741412086.062813
File /Users/mac/Desktop/healthcare app/myenv/lib/python3.13/site-packages/pandas/core/indexers/objects.py first seen with mtime 1741412089.1189153
File /Users/mac/Desktop/healthcare app/myenv/lib/python3.13/site-packages/attr/filters.py first seen with mtime 1746126556.7674406
File /Users/mac/Desktop/healthcare app/myenv/lib/python3.13/site-packages/scipy/linalg/_cythonized_array_utils.cpython-313-darwin.so first seen with mtime 1741412085.9170876
File /Users/mac/Desktop/healthcare app/myenv/lib/python3.13/site-packages/numpy/_typing/_shape.py first seen with mtime 1741412084.3467512
File /Users/mac/Desktop/healthcare app/myenv/lib/python3.13/site-packages/PIL/ExifTags.py first seen with mtime 1741412084.1200125
File /Users/mac/Desktop/healthcare app/myenv/lib/python3.13/site-packages/django/utils/version.py first seen with mtime 1741430605.0479026
File /Users/mac/Desktop/healthcare app/myenv/lib/python3.13/site-packages/twisted/application/service.py first seen with mtime 1746126557.0524616
File /Users/mac/Desktop/healthcare app/myenv/lib/python3.13/site-packages/scipy/linalg/_decomp_lu.py first seen with mtime 1741412085.9135199
File /Users/mac/Desktop/healthcare app/myenv/lib/python3.13/site-packages/plotly/graph_objs/_bar.py first seen with mtime 1742030805.431908
File /Users/mac/Desktop/healthcare app/myenv/lib/python3.13/site-packages/numpy/random/_pcg64.cpython-313-darwin.so first seen with mtime 1741412084.405733
File /Library/Frameworks/Python.framework/Versions/3.13/lib/python3.13/concurrent/__init__.py first seen with mtime 1728279722.0
File /Library/Frameworks/Python.framework/Versions/3.13/lib/python3.13/asyncio/threads.py first seen with mtime 1728279722.0
File /Users/mac/Desktop/healthcare app/myenv/lib/python3.13/site-packages/requests/models.py first seen with mtime 1741414831.7937806
File /Users/mac/Desktop/healthcare app/myenv/lib/python3.13/site-packages/scipy/spatial/_geometric_slerp.py first seen with mtime 1741412086.169086
File /Users/mac/Desktop/healthcare app/myenv/lib/python3.13/site-packages/narwhals/expr.py first seen with mtime 1742030805.1941226
File /Users/mac/Desktop/healthcare app/myenv/lib/python3.13/site-packages/django/db/migrations/exceptions.py first seen with mtime 1741430604.9989507
File /Users/mac/Desktop/healthcare app/myenv/lib/python3.13/site-packages/numpy/_typing/_nested_sequence.py first seen with mtime 1741412084.3469665
File /Users/mac/Desktop/healthcare app/myenv/lib/python3.13/site-packages/autobahn/twisted/__init__.py first seen with mtime 1746126558.9694555
File /Users/mac/Desktop/healthcare app/myenv/lib/python3.13/site-packages/plotly/graph_objects/__init__.py first seen with mtime 1742030805.4314716
File /Users/mac/Desktop/healthcare app/myenv/lib/python3.13/site-packages/scipy/stats/_mstats_basic.py first seen with mtime 1741412086.1993947
File /Library/Frameworks/Python.framework/Versions/3.13/lib/python3.13/lib-dynload/_struct.cpython-313-darwin.so first seen with mtime 1728280557.0
File /Users/mac/Desktop/healthcare app/myenv/lib/python3.13/site-packages/django/contrib/admin/helpers.py first seen with mtime 1741430604.4004297
File /Users/mac/Desktop/healthcare app/myenv/lib/python3.13/site-packages/numpy/ma/core.py first seen with mtime 1741412084.3077774
File /Users/mac/Desktop/healthcare app/myenv/lib/python3.13/site-packages/numpy/_typing/_dtype_like.py first seen with mtime 1741412084.3462987
File /Library/Frameworks/Python.framework/Versions/3.13/lib/python3.13/lib-dynload/_lzma.cpython-313-darwin.so first seen with mtime 1728280553.0
File /Users/mac/Desktop/healthcare app/myenv/lib/python3.13/site-packages/scipy/optimize/_lsq/dogbox.py first seen with mtime 1741412085.974595
File /Users/mac/Desktop/healthcare app/myenv/lib/python3.13/site-packages/scipy/_lib/_finite_differences.py first seen with mtime 1741412086.0481675
File /Library/Frameworks/Python.framework/Versions/3.13/lib/python3.13/concurrent/futures/thread.py first seen with mtime 1728279722.0
File /Users/mac/Desktop/healthcare app/myenv/lib/python3.13/site-packages/pandas/core/arrays/base.py first seen with mtime 1741412089.1597981
File /Users/mac/Desktop/healthcare app/myenv/lib/python3.13/site-packages/scipy/interpolate/_fitpack.cpython-313-darwin.so first seen with mtime 1741412086.1151826
File /Users/mac/Desktop/healthcare app/myenv/lib/python3.13/site-packages/scipy/sparse/csgraph/_traversal.cpython-313-darwin.so first seen with mtime 1741412086.1573944
File /Users/mac/Desktop/healthcare app/myenv/lib/python3.13/site-packages/kiwisolver/exceptions.py first seen with mtime 1741412085.274813
File /Users/mac/Desktop/healthcare app/myenv/lib/python3.13/site-packages/twisted/logger/__init__.py first seen with mtime 1746126557.0925581
File /Users/mac/Desktop/healthcare app/myenv/lib/python3.13/site-packages/_plotly_utils/colors/cmocean.py first seen with mtime 1742030805.4215477
File /Users/mac/Desktop/healthcare app/myenv/lib/python3.13/site-packages/numpy/core/_utils.py first seen with mtime 1741412084.3043308
File /Users/mac/Desktop/healthcare app/myenv/lib/python3.13/site-packages/urllib3/util/ssl_match_hostname.py first seen with mtime 1741414831.6883729
File /Users/mac/Desktop/healthcare app/myenv/lib/python3.13/site-packages/matplotlib/_cm_listed.py first seen with mtime 1741412091.8313873
File /Users/mac/Desktop/healthcare app/myenv/lib/python3.13/site-packages/numpy/lib/mixins.py first seen with mtime 1741412084.391393
File /Users/mac/Desktop/healthcare app/myenv/lib/python3.13/site-packages/pandas/core/tools/datetimes.py first seen with mtime 1741412089.1212745
File /Users/mac/Desktop/healthcare app/myenv/lib/python3.13/site-packages/click/termui.py first seen with mtime 1741413491.4149802
File /Users/mac/Desktop/healthcare app/myenv/lib/python3.13/site-packages/django/forms/__init__.py first seen with mtime 1741430605.010258
File /Users/mac/Desktop/healthcare app/myenv/lib/python3.13/site-packages/autobahn/twisted/rawsocket.py first seen with mtime 1746126558.970702
File /Users/mac/Desktop/healthcare app/myenv/lib/python3.13/site-packages/django/utils/termcolors.py first seen with mtime 1741430605.0468273
File /Users/mac/Desktop/healthcare app/myenv/lib/python3.13/site-packages/_plotly_utils/importers.py first seen with mtime 1742030805.419988
File /Users/mac/Desktop/healthcare app/myenv/lib/python3.13/site-packages/twisted/internet/protocol.py first seen with mtime 1746126557.079786
File /Users/mac/Desktop/healthcare app/myenv/lib/python3.13/site-packages/pandas/core/array_algos/masked_reductions.py first seen with mtime 1741412089.1235633
File /Users/mac/Desktop/healthcare app/myenv/lib/python3.13/site-packages/sqlparse/formatter.py first seen with mtime 1741430604.2893474
File /Users/mac/Desktop/healthcare app/myenv/lib/python3.13/site-packages/matplotlib/_tight_bbox.py first seen with mtime 1741412091.797109
File /Library/Frameworks/Python.framework/Versions/3.13/lib/python3.13/unittest/runner.py first seen with mtime 1728279722.0
File /Users/mac/Desktop/healthcare app/myenv/lib/python3.13/site-packages/matplotlib/_docstring.py first seen with mtime 1741412091.834739
File /Users/mac/Desktop/healthcare app/myenv/lib/python3.13/site-packages/seaborn/matrix.py first seen with mtime 1741412092.6614492
File /Users/mac/Desktop/healthcare app/myenv/lib/python3.13/site-packages/scipy/spatial/transform/_rotation_groups.py first seen with mtime 1741412086.1798277
File /Users/mac/Desktop/healthcare app/myenv/lib/python3.13/site-packages/numpy/random/_common.cpython-313-darwin.so first seen with mtime 1741412084.4153907
File /Users/mac/Desktop/healthcare app/myenv/lib/python3.13/site-packages/django/http/multipartparser.py first seen with mtime 1741430605.0268774
File /Library/Frameworks/Python.framework/Versions/3.13/lib/python3.13/concurrent/futures/__init__.py first seen with mtime 1728279722.0
File /Users/mac/Desktop/healthcare app/myenv/lib/python3.13/site-packages/pandas/_libs/hashtable.cpython-313-darwin.so first seen with mtime 1741412089.374975
File /Users/mac/Desktop/healthcare app/myenv/lib/python3.13/site-packages/scipy/stats/_distribution_infrastructure.py first seen with mtime 1741412086.2083914
File /Users/mac/Desktop/healthcare app/myenv/lib/python3.13/site-packages/twisted/web/iweb.py first seen with mtime 1746126557.1683238
File /Users/mac/Desktop/healthcare app/myenv/lib/python3.13/site-packages/scipy/optimize/linesearch.py first seen with mtime 1741412085.9314237
File /Users/mac/Desktop/healthcare app/myenv/lib/python3.13/site-packages/scipy/interpolate/rbf.py first seen with mtime 1741412086.1133354
File /Users/mac/Desktop/healthcare app/myenv/lib/python3.13/site-packages/PIL/ImageMode.py first seen with mtime 1741412084.114308
File /Users/mac/Desktop/healthcare app/myenv/lib/python3.13/site-packages/pandas/api/extensions/__init__.py first seen with mtime 1741412089.4018257
File /Users/mac/Desktop/healthcare app/myenv/lib/python3.13/site-packages/plotly/graph_objs/_scatter.py first seen with mtime 1742030805.441797
File /Library/Frameworks/Python.framework/Versions/3.13/lib/python3.13/email/parser.py first seen with mtime 1728279722.0
File /Users/mac/Desktop/healthcare app/myenv/lib/python3.13/site-packages/sqlparse/engine/__init__.py first seen with mtime 1741430604.290198
File /Library/Frameworks/Python.framework/Versions/3.13/lib/python3.13/decimal.py first seen with mtime 1728279722.0
File /Users/mac/Desktop/healthcare app/myenv/lib/python3.13/site-packages/numpy/_core/_multiarray_umath.cpython-313-darwin.so first seen with mtime 1741412084.3204753
File /Users/mac/Desktop/healthcare app/myenv/lib/python3.13/site-packages/scipy/fft/_pocketfft/realtransforms.py first seen with mtime 1741412086.1224263
File /Users/mac/Desktop/healthcare app/myenv/lib/python3.13/site-packages/pandas/_libs/ops.cpython-313-darwin.so first seen with mtime 1741412089.3762603
File /Users/mac/Desktop/healthcare app/myenv/lib/python3.13/site-packages/django/contrib/admin/views/main.py first seen with mtime 1741430604.5063927
File /Users/mac/Desktop/healthcare app/myenv/lib/python3.13/site-packages/twisted/logger/_filter.py first seen with mtime 1746126557.0939708
File /Users/mac/Desktop/healthcare app/myenv/lib/python3.13/site-packages/attrs/converters.py first seen with mtime 1746126556.7695804
File /Users/mac/Desktop/healthcare app/myenv/lib/python3.13/site-packages/django/middleware/clickjacking.py first seen with mtime 1741430605.027508
File /Users/mac/Desktop/healthcare app/myenv/lib/python3.13/site-packages/matplotlib/contour.py first seen with mtime 1741412091.8354383
File /Users/mac/Desktop/healthcare app/myenv/lib/python3.13/site-packages/twisted/persisted/sob.py first seen with mtime 1746126557.113551
File /Users/mac/Desktop/healthcare app/myenv/lib/python3.13/site-packages/matplotlib/_cm.py first seen with mtime 1741412091.8021276
File /Users/mac/Desktop/healthcare app/myenv/lib/python3.13/site-packages/matplotlib/mathtext.py first seen with mtime 1741412091.8060257
File /Users/mac/Desktop/healthcare app/myenv/lib/python3.13/site-packages/matplotlib/_image.cpython-313-darwin.so first seen with mtime 1741412091.7991607
File /Users/mac/Desktop/healthcare app/myenv/lib/python3.13/site-packages/django/template/utils.py first seen with mtime 1741430605.0308428
File /Users/mac/Desktop/healthcare app/myenv/lib/python3.13/site-packages/narwhals/expr_dt.py first seen with mtime 1742030805.1943712
File /Users/mac/Desktop/healthcare app/myenv/lib/python3.13/site-packages/pandas/core/array_algos/masked_accumulations.py first seen with mtime 1741412089.1230648
File /Users/mac/Desktop/healthcare app/myenv/lib/python3.13/site-packages/plotly/_subplots.py first seen with mtime 1742030805.4224987
File /Users/mac/Desktop/healthcare app/myenv/lib/python3.13/site-packages/scipy/stats/mvn.py first seen with mtime 1741412086.1984265
File /Users/mac/Desktop/healthcare app/myenv/lib/python3.13/site-packages/cryptography/hazmat/primitives/kdf/pbkdf2.py first seen with mtime 1746126558.7434046
File /Users/mac/Desktop/healthcare app/myenv/lib/python3.13/site-packages/pyasn1/type/base.py first seen with mtime 1746126556.650517
File /Users/mac/Desktop/healthcare app/myenv/lib/python3.13/site-packages/matplotlib/texmanager.py first seen with mtime 1741412091.8225305
File /Library/Frameworks/Python.framework/Versions/3.13/lib/python3.13/lib-dynload/_datetime.cpython-313-darwin.so first seen with mtime 1728280551.0
File /Users/mac/Desktop/healthcare app/myenv/lib/python3.13/site-packages/scipy/integrate/_lebedev.py first seen with mtime 1741412085.9833665
File /Users/mac/Desktop/healthcare app/myenv/lib/python3.13/site-packages/sqlparse/tokens.py first seen with mtime 1741430604.2899303
File /Users/mac/Desktop/healthcare app/myenv/lib/python3.13/site-packages/scipy/linalg/_decomp_qr.py first seen with mtime 1741412085.9119406
File /Users/mac/Desktop/healthcare app/myenv/lib/python3.13/site-packages/cryptography/hazmat/primitives/asymmetric/dh.py first seen with mtime 1746126558.7541115
File /Users/mac/Desktop/healthcare app/myenv/lib/python3.13/site-packages/matplotlib/font_manager.py first seen with mtime 1741412091.8084686
File /Users/mac/Desktop/healthcare app/myenv/lib/python3.13/site-packages/django/core/cache/backends/__init__.py first seen with mtime 1741430604.9717488
File /Users/mac/Desktop/healthcare app/myenv/lib/python3.13/site-packages/django/db/models/functions/datetime.py first seen with mtime 1741430605.0076325
File /Library/Frameworks/Python.framework/Versions/3.13/lib/python3.13/calendar.py first seen with mtime 1728279722.0
File /Users/mac/Desktop/healthcare app/myenv/lib/python3.13/site-packages/scipy/sparse/_construct.py first seen with mtime 1741412086.1353774
File /Users/mac/Desktop/healthcare app/myenv/lib/python3.13/site-packages/scipy/sparse/csc.py first seen with mtime 1741412086.1282768
File /Library/Frameworks/Python.framework/Versions/3.13/lib/python3.13/random.py first seen with mtime 1728279722.0
File /Users/mac/Desktop/healthcare app/myenv/lib/python3.13/site-packages/pyparsing/exceptions.py first seen with mtime 1741412084.066867
File /Users/mac/Desktop/healthcare app/myenv/lib/python3.13/site-packages/scipy/stats/mstats_basic.py first seen with mtime 1741412086.2078478
File /Library/Frameworks/Python.framework/Versions/3.13/lib/python3.13/wsgiref/simple_server.py first seen with mtime 1728279722.0
File /Users/mac/Desktop/healthcare app/myenv/lib/python3.13/site-packages/rest_framework/templates/rest_framework first seen with mtime 1741700066.585832
File /Users/mac/Desktop/healthcare app/myenv/lib/python3.13/site-packages/rest_framework/templates/rest_framework/filters first seen with mtime 1741700066.58272
File /Users/mac/Desktop/healthcare app/myenv/lib/python3.13/site-packages/rest_framework/templates/rest_framework/pagination first seen with mtime 1741700066.5857365
File /Users/mac/Desktop/healthcare app/myenv/lib/python3.13/site-packages/rest_framework/templates/rest_framework/admin.html first seen with mtime 1741700066.5790243
File /Users/mac/Desktop/healthcare app/myenv/lib/python3.13/site-packages/rest_framework/templates/rest_framework/base.html first seen with mtime 1741700066.5792968
File /Users/mac/Desktop/healthcare app/myenv/lib/python3.13/site-packages/rest_framework/templates/rest_framework/horizontal first seen with mtime 1741700066.584099
File /Users/mac/Desktop/healthcare app/myenv/lib/python3.13/site-packages/rest_framework/templates/rest_framework/raw_data_form.html first seen with mtime 1741700066.5796206
File /Users/mac/Desktop/healthcare app/myenv/lib/python3.13/site-packages/rest_framework/templates/rest_framework/admin first seen with mtime 1741700066.58028
File /Users/mac/Desktop/healthcare app/myenv/lib/python3.13/site-packages/rest_framework/templates/rest_framework/login.html first seen with mtime 1741700066.5794075
File /Users/mac/Desktop/healthcare app/myenv/lib/python3.13/site-packages/rest_framework/templates/rest_framework/docs first seen with mtime 1741700066.5817015
File /Users/mac/Desktop/healthcare app/myenv/lib/python3.13/site-packages/rest_framework/templates/rest_framework/inline first seen with mtime 1741700066.585459
File /Users/mac/Desktop/healthcare app/myenv/lib/python3.13/site-packages/rest_framework/templates/rest_framework/login_base.html first seen with mtime 1741700066.5795076
File /Users/mac/Desktop/healthcare app/myenv/lib/python3.13/site-packages/rest_framework/templates/rest_framework/schema.js first seen with mtime 1741700066.5797195
File /Users/mac/Desktop/healthcare app/myenv/lib/python3.13/site-packages/rest_framework/templates/rest_framework/api.html first seen with mtime 1741700066.5791216
File /Users/mac/Desktop/healthcare app/myenv/lib/python3.13/site-packages/rest_framework/templates/rest_framework/vertical first seen with mtime 1741700066.5871184
File /Users/mac/Desktop/healthcare app/myenv/lib/python3.13/site-packages/rest_framework/templates/rest_framework/filters/base.html first seen with mtime 1741700066.582561
File /Users/mac/Desktop/healthcare app/myenv/lib/python3.13/site-packages/rest_framework/templates/rest_framework/filters/search.html first seen with mtime 1741700066.58277
File /Users/mac/Desktop/healthcare app/myenv/lib/python3.13/site-packages/rest_framework/templates/rest_framework/filters/ordering.html first seen with mtime 1741700066.5826714
File /Users/mac/Desktop/healthcare app/myenv/lib/python3.13/site-packages/rest_framework/templates/rest_framework/pagination/numbers.html first seen with mtime 1741700066.5856903
File /Users/mac/Desktop/healthcare app/myenv/lib/python3.13/site-packages/rest_framework/templates/rest_framework/pagination/previous_and_next.html first seen with mtime 1741700066.5857854
File /Users/mac/Desktop/healthcare app/myenv/lib/python3.13/site-packages/rest_framework/templates/rest_framework/horizontal/select.html first seen with mtime 1741700066.5839474
File /Users/mac/Desktop/healthcare app/myenv/lib/python3.13/site-packages/rest_framework/templates/rest_framework/horizontal/dict_field.html first seen with mtime 1741700066.5831912
File /Users/mac/Desktop/healthcare app/myenv/lib/python3.13/site-packages/rest_framework/templates/rest_framework/horizontal/form.html first seen with mtime 1741700066.5834043
File /Users/mac/Desktop/healthcare app/myenv/lib/python3.13/site-packages/rest_framework/templates/rest_framework/horizontal/list_fieldset.html first seen with mtime 1741700066.583741
File /Users/mac/Desktop/healthcare app/myenv/lib/python3.13/site-packages/rest_framework/templates/rest_framework/horizontal/textarea.html first seen with mtime 1741700066.5841491
File /Users/mac/Desktop/healthcare app/myenv/lib/python3.13/site-packages/rest_framework/templates/rest_framework/horizontal/radio.html first seen with mtime 1741700066.5838482
File /Users/mac/Desktop/healthcare app/myenv/lib/python3.13/site-packages/rest_framework/templates/rest_framework/horizontal/checkbox_multiple.html first seen with mtime 1741700066.5830858
File /Users/mac/Desktop/healthcare app/myenv/lib/python3.13/site-packages/rest_framework/templates/rest_framework/horizontal/checkbox.html first seen with mtime 1741700066.5829675
File /Users/mac/Desktop/healthcare app/myenv/lib/python3.13/site-packages/rest_framework/templates/rest_framework/horizontal/fieldset.html first seen with mtime 1741700066.5832944
File /Users/mac/Desktop/healthcare app/myenv/lib/python3.13/site-packages/rest_framework/templates/rest_framework/horizontal/input.html first seen with mtime 1741700066.5835297
File /Users/mac/Desktop/healthcare app/myenv/lib/python3.13/site-packages/rest_framework/templates/rest_framework/horizontal/select_multiple.html first seen with mtime 1741700066.584049
File /Users/mac/Desktop/healthcare app/myenv/lib/python3.13/site-packages/rest_framework/templates/rest_framework/horizontal/list_field.html first seen with mtime 1741700066.5836418
File /Users/mac/Desktop/healthcare app/myenv/lib/python3.13/site-packages/rest_framework/templates/rest_framework/admin/dict_value.html first seen with mtime 1741700066.5799932
File /Users/mac/Desktop/healthcare app/myenv/lib/python3.13/site-packages/rest_framework/templates/rest_framework/admin/list.html first seen with mtime 1741700066.5800972
File /Users/mac/Desktop/healthcare app/myenv/lib/python3.13/site-packages/rest_framework/templates/rest_framework/admin/simple_list_value.html first seen with mtime 1741700066.5803344
File /Users/mac/Desktop/healthcare app/myenv/lib/python3.13/site-packages/rest_framework/templates/rest_framework/admin/detail.html first seen with mtime 1741700066.5798736
File /Users/mac/Desktop/healthcare app/myenv/lib/python3.13/site-packages/rest_framework/templates/rest_framework/admin/list_value.html first seen with mtime 1741700066.5802193
File /Users/mac/Desktop/healthcare app/myenv/lib/python3.13/site-packages/rest_framework/templates/rest_framework/docs/link.html first seen with mtime 1741700066.5811398
File /Users/mac/Desktop/healthcare app/myenv/lib/python3.13/site-packages/rest_framework/templates/rest_framework/docs/index.html first seen with mtime 1741700066.5807338
File /Users/mac/Desktop/healthcare app/myenv/lib/python3.13/site-packages/rest_framework/templates/rest_framework/docs/auth first seen with mtime 1741700066.5815873
File /Users/mac/Desktop/healthcare app/myenv/lib/python3.13/site-packages/rest_framework/templates/rest_framework/docs/document.html first seen with mtime 1741700066.5805173
File /Users/mac/Desktop/healthcare app/myenv/lib/python3.13/site-packages/rest_framework/templates/rest_framework/docs/langs first seen with mtime 1741700066.5823438
File /Users/mac/Desktop/healthcare app/myenv/lib/python3.13/site-packages/rest_framework/templates/rest_framework/docs/interact.html first seen with mtime 1741700066.580869
File /Users/mac/Desktop/healthcare app/myenv/lib/python3.13/site-packages/rest_framework/templates/rest_framework/docs/sidebar.html first seen with mtime 1741700066.5812755
File /Users/mac/Desktop/healthcare app/myenv/lib/python3.13/site-packages/rest_framework/templates/rest_framework/docs/error.html first seen with mtime 1741700066.5806227
File /Users/mac/Desktop/healthcare app/myenv/lib/python3.13/site-packages/rest_framework/templates/rest_framework/inline/select.html first seen with mtime 1741700066.5852818
File /Users/mac/Desktop/healthcare app/myenv/lib/python3.13/site-packages/rest_framework/templates/rest_framework/inline/dict_field.html first seen with mtime 1741700066.5845137
File /Users/mac/Desktop/healthcare app/myenv/lib/python3.13/site-packages/rest_framework/templates/rest_framework/inline/form.html first seen with mtime 1741700066.5847163
File /Users/mac/Desktop/healthcare app/myenv/lib/python3.13/site-packages/rest_framework/templates/rest_framework/inline/list_fieldset.html first seen with mtime 1741700066.5850675
File /Users/mac/Desktop/healthcare app/myenv/lib/python3.13/site-packages/rest_framework/templates/rest_framework/inline/textarea.html first seen with mtime 1741700066.5855088
File /Users/mac/Desktop/healthcare app/myenv/lib/python3.13/site-packages/rest_framework/templates/rest_framework/inline/radio.html first seen with mtime 1741700066.5851772
File /Users/mac/Desktop/healthcare app/myenv/lib/python3.13/site-packages/rest_framework/templates/rest_framework/inline/checkbox_multiple.html first seen with mtime 1741700066.5844243
File /Users/mac/Desktop/healthcare app/myenv/lib/python3.13/site-packages/rest_framework/templates/rest_framework/inline/checkbox.html first seen with mtime 1741700066.584314
File /Users/mac/Desktop/healthcare app/myenv/lib/python3.13/site-packages/rest_framework/templates/rest_framework/inline/fieldset.html first seen with mtime 1741700066.584609
File /Users/mac/Desktop/healthcare app/myenv/lib/python3.13/site-packages/rest_framework/templates/rest_framework/inline/input.html first seen with mtime 1741700066.5848322
File /Users/mac/Desktop/healthcare app/myenv/lib/python3.13/site-packages/rest_framework/templates/rest_framework/inline/select_multiple.html first seen with mtime 1741700066.5853925
File /Users/mac/Desktop/healthcare app/myenv/lib/python3.13/site-packages/rest_framework/templates/rest_framework/inline/list_field.html first seen with mtime 1741700066.5849516
File /Users/mac/Desktop/healthcare app/myenv/lib/python3.13/site-packages/rest_framework/templates/rest_framework/vertical/select.html first seen with mtime 1741700066.58695
File /Users/mac/Desktop/healthcare app/myenv/lib/python3.13/site-packages/rest_framework/templates/rest_framework/vertical/dict_field.html first seen with mtime 1741700066.586147
File /Users/mac/Desktop/healthcare app/myenv/lib/python3.13/site-packages/rest_framework/templates/rest_framework/vertical/form.html first seen with mtime 1741700066.5863516
File /Users/mac/Desktop/healthcare app/myenv/lib/python3.13/site-packages/rest_framework/templates/rest_framework/vertical/list_fieldset.html first seen with mtime 1741700066.586705
File /Users/mac/Desktop/healthcare app/myenv/lib/python3.13/site-packages/rest_framework/templates/rest_framework/vertical/textarea.html first seen with mtime 1741700066.5871775
File /Users/mac/Desktop/healthcare app/myenv/lib/python3.13/site-packages/rest_framework/templates/rest_framework/vertical/radio.html first seen with mtime 1741700066.586828
File /Users/mac/Desktop/healthcare app/myenv/lib/python3.13/site-packages/rest_framework/templates/rest_framework/vertical/checkbox_multiple.html first seen with mtime 1741700066.586055
File /Users/mac/Desktop/healthcare app/myenv/lib/python3.13/site-packages/rest_framework/templates/rest_framework/vertical/checkbox.html first seen with mtime 1741700066.5859492
File /Users/mac/Desktop/healthcare app/myenv/lib/python3.13/site-packages/rest_framework/templates/rest_framework/vertical/fieldset.html first seen with mtime 1741700066.5862496
File /Users/mac/Desktop/healthcare app/myenv/lib/python3.13/site-packages/rest_framework/templates/rest_framework/vertical/input.html first seen with mtime 1741700066.586455
File /Users/mac/Desktop/healthcare app/myenv/lib/python3.13/site-packages/rest_framework/templates/rest_framework/vertical/select_multiple.html first seen with mtime 1741700066.5870645
File /Users/mac/Desktop/healthcare app/myenv/lib/python3.13/site-packages/rest_framework/templates/rest_framework/vertical/list_field.html first seen with mtime 1741700066.5865684
File /Users/mac/Desktop/healthcare app/myenv/lib/python3.13/site-packages/rest_framework/templates/rest_framework/docs/auth/basic.html first seen with mtime 1741700066.5814404
File /Users/mac/Desktop/healthcare app/myenv/lib/python3.13/site-packages/rest_framework/templates/rest_framework/docs/auth/token.html first seen with mtime 1741700066.5816438
File /Users/mac/Desktop/healthcare app/myenv/lib/python3.13/site-packages/rest_framework/templates/rest_framework/docs/auth/session.html first seen with mtime 1741700066.5815382
File /Users/mac/Desktop/healthcare app/myenv/lib/python3.13/site-packages/rest_framework/templates/rest_framework/docs/langs/python.html first seen with mtime 1741700066.5821548
File /Users/mac/Desktop/healthcare app/myenv/lib/python3.13/site-packages/rest_framework/templates/rest_framework/docs/langs/javascript.html first seen with mtime 1741700066.581939
File /Users/mac/Desktop/healthcare app/myenv/lib/python3.13/site-packages/rest_framework/templates/rest_framework/docs/langs/shell.html first seen with mtime 1741700066.5823967
File /Users/mac/Desktop/healthcare app/myenv/lib/python3.13/site-packages/rest_framework/templates/rest_framework/docs/langs/shell-intro.html first seen with mtime 1741700066.582265
File /Users/mac/Desktop/healthcare app/myenv/lib/python3.13/site-packages/rest_framework/templates/rest_framework/docs/langs/python-intro.html first seen with mtime 1741700066.582043
File /Users/mac/Desktop/healthcare app/myenv/lib/python3.13/site-packages/rest_framework/templates/rest_framework/docs/langs/javascript-intro.html first seen with mtime 1741700066.5818162
File /Users/mac/Desktop/healthcare app/healthcare_project/healthcare_app/templates/healthcare_app first seen with mtime 1746125609.7728696
File /Users/mac/Desktop/healthcare app/healthcare_project/healthcare_app/templates/healthcare_app/disease_prediction.html first seen with mtime 1741893334.0562823
File /Users/mac/Desktop/healthcare app/healthcare_project/healthcare_app/templates/healthcare_app/issue_prescription.html first seen with mtime 1743108358.2186458
File /Users/mac/Desktop/healthcare app/healthcare_project/healthcare_app/templates/healthcare_app/home.html first seen with mtime 1743109079.17984
File /Users/mac/Desktop/healthcare app/healthcare_project/healthcare_app/templates/healthcare_app/patient_dashboard.html first seen with mtime 1746125707.490441
File /Users/mac/Desktop/healthcare app/healthcare_project/healthcare_app/templates/healthcare_app/lab_test_success.html first seen with mtime 1741866798.164605
File /Users/mac/Desktop/healthcare app/healthcare_project/healthcare_app/templates/healthcare_app/base.html first seen with mtime 1746124926.6060207
File /Users/mac/Desktop/healthcare app/healthcare_project/healthcare_app/templates/healthcare_app/health_prediction.html first seen with mtime 1742975484.259069
File /Users/mac/Desktop/healthcare app/healthcare_project/healthcare_app/templates/healthcare_app/health_trends.html first seen with mtime 1743081699.8404415
File /Users/mac/Desktop/healthcare app/healthcare_project/healthcare_app/templates/healthcare_app/available_lab_tests.html first seen with mtime 1741966768.576819
File /Users/mac/Desktop/healthcare app/healthcare_project/healthcare_app/templates/healthcare_app/prediction_history.html first seen with mtime 1741452340.6434689
File /Users/mac/Desktop/healthcare app/healthcare_project/healthcare_app/templates/healthcare_app/patient_details.html first seen with mtime 1743093168.9643383
File /Users/mac/Desktop/healthcare app/healthcare_project/healthcare_app/templates/healthcare_app/doctor_dashboard.html first seen with mtime 1746125761.019104
File /Users/mac/Desktop/healthcare app/healthcare_project/healthcare_app/templates/healthcare_app/register.html first seen with mtime 1742639175.107925
File /Users/mac/Desktop/healthcare app/healthcare_project/healthcare_app/templates/healthcare_app/chat_list.html first seen with mtime 1746126250.9474285
File /Users/mac/Desktop/healthcare app/healthcare_project/healthcare_app/templates/healthcare_app/login.html first seen with mtime 1742639132.8563192
File /Users/mac/Desktop/healthcare app/healthcare_project/healthcare_app/templates/healthcare_app/prescription_list.html first seen with mtime 1741536572.9447708
File /Users/mac/Desktop/healthcare app/healthcare_project/healthcare_app/templates/healthcare_app/health_history.html first seen with mtime 1743092675.9579587
File /Users/mac/Desktop/healthcare app/healthcare_project/healthcare_app/templates/healthcare_app/appointment_list.html first seen with mtime 1742044953.6931524
File /Users/mac/Desktop/healthcare app/healthcare_project/healthcare_app/templates/healthcare_app/chat_view.html first seen with mtime 1746126237.2673519
File /Users/mac/Desktop/healthcare app/healthcare_project/healthcare_app/templates/healthcare_app/my_orders.html first seen with mtime 1743089655.6173623
File /Users/mac/Desktop/healthcare app/healthcare_project/healthcare_app/templates/healthcare_app/medicines.html first seen with mtime 1746104530.03102
File /Users/mac/Desktop/healthcare app/healthcare_project/healthcare_app/templates/healthcare_app/cart.html first seen with mtime 1743089771.3816702
File /Users/mac/Desktop/healthcare app/healthcare_project/healthcare_app/templates/healthcare_app/book_lab_test.html first seen with mtime 1741866782.4542267
File /Users/mac/Desktop/healthcare app/healthcare_project/healthcare_app/templates/healthcare_app/book_appointment.html first seen with mtime 1741536902.3583498
File /Users/mac/Desktop/healthcare app/healthcare_project/healthcare_app/templates/healthcare_app/medicinedetail.html first seen with mtime 1746117257.2405853
File /Users/mac/Desktop/healthcare app/myenv/lib/python3.13/site-packages/rest_framework/locale/tr_TR/LC_MESSAGES/django.mo first seen with mtime 1741700066.5694401
File /Users/mac/Desktop/healthcare app/myenv/lib/python3.13/site-packages/rest_framework/locale/tr/LC_MESSAGES/django.mo first seen with mtime 1741700066.5692637
File /Users/mac/Desktop/healthcare app/myenv/lib/python3.13/site-packages/rest_framework/locale/th/LC_MESSAGES/django.mo first seen with mtime 1741700066.569073
File /Users/mac/Desktop/healthcare app/myenv/lib/python3.13/site-packages/rest_framework/locale/el_GR/LC_MESSAGES/django.mo first seen with mtime 1741700066.559575
File /Users/mac/Desktop/healthcare app/myenv/lib/python3.13/site-packages/rest_framework/locale/lt/LC_MESSAGES/django.mo first seen with mtime 1741700066.5647554
File /Users/mac/Desktop/healthcare app/myenv/lib/python3.13/site-packages/rest_framework/locale/fa/LC_MESSAGES/django.mo first seen with mtime 1741700066.5613754
File /Users/mac/Desktop/healthcare app/myenv/lib/python3.13/site-packages/rest_framework/locale/en/LC_MESSAGES/django.mo first seen with mtime 1741700066.5597885
File /Users/mac/Desktop/healthcare app/myenv/lib/python3.13/site-packages/rest_framework/locale/et/LC_MESSAGES/django.mo first seen with mtime 1741700066.5611465
File /Users/mac/Desktop/healthcare app/myenv/lib/python3.13/site-packages/rest_framework/locale/es/LC_MESSAGES/django.mo first seen with mtime 1741700066.5609279
File /Users/mac/Desktop/healthcare app/myenv/lib/python3.13/site-packages/rest_framework/locale/fr/LC_MESSAGES/django.mo first seen with mtime 1741700066.562124
File /Users/mac/Desktop/healthcare app/myenv/lib/python3.13/site-packages/rest_framework/locale/id/LC_MESSAGES/django.mo first seen with mtime 1741700066.5638127
File /Users/mac/Desktop/healthcare app/myenv/lib/python3.13/site-packages/rest_framework/locale/fi/LC_MESSAGES/django.mo first seen with mtime 1741700066.56187
File /Users/mac/Desktop/healthcare app/myenv/lib/python3.13/site-packages/rest_framework/locale/ru_RU/LC_MESSAGES/django.mo first seen with mtime 1741700066.568219
File /Users/mac/Desktop/healthcare app/myenv/lib/python3.13/site-packages/rest_framework/locale/az/LC_MESSAGES/django.mo first seen with mtime 1741700066.557438
File /Users/mac/Desktop/healthcare app/myenv/lib/python3.13/site-packages/rest_framework/locale/ca_ES/LC_MESSAGES/django.mo first seen with mtime 1741700066.55844
File /Users/mac/Desktop/healthcare app/myenv/lib/python3.13/site-packages/rest_framework/locale/de/LC_MESSAGES/django.mo first seen with mtime 1741700066.5590632
File /Users/mac/Desktop/healthcare app/myenv/lib/python3.13/site-packages/rest_framework/locale/nb/LC_MESSAGES/django.mo first seen with mtime 1741700066.5654671
File /Users/mac/Desktop/healthcare app/myenv/lib/python3.13/site-packages/rest_framework/locale/bg/LC_MESSAGES/django.mo first seen with mtime 1741700066.557966
File /Users/mac/Desktop/healthcare app/myenv/lib/python3.13/site-packages/rest_framework/locale/nl/LC_MESSAGES/django.mo first seen with mtime 1741700066.5659838
File /Users/mac/Desktop/healthcare app/myenv/lib/python3.13/site-packages/rest_framework/locale/hu/LC_MESSAGES/django.mo first seen with mtime 1741700066.56315
File /Users/mac/Desktop/healthcare app/myenv/lib/python3.13/site-packages/rest_framework/locale/gl/LC_MESSAGES/django.mo first seen with mtime 1741700066.562502
File /Users/mac/Desktop/healthcare app/myenv/lib/python3.13/site-packages/rest_framework/locale/ar/LC_MESSAGES/django.mo first seen with mtime 1741700066.5570695
File /Users/mac/Desktop/healthcare app/myenv/lib/python3.13/site-packages/rest_framework/locale/mk/LC_MESSAGES/django.mo first seen with mtime 1741700066.5652235
File /Users/mac/Desktop/healthcare app/myenv/lib/python3.13/site-packages/rest_framework/locale/en_AU/LC_MESSAGES/django.mo first seen with mtime 1741700066.5600348
File /Users/mac/Desktop/healthcare app/myenv/lib/python3.13/site-packages/rest_framework/locale/uk/LC_MESSAGES/django.mo first seen with mtime 1741700066.5696754
File /Users/mac/Desktop/healthcare app/myenv/lib/python3.13/site-packages/rest_framework/locale/pt/LC_MESSAGES/django.mo first seen with mtime 1741700066.5668793
File /Users/mac/Desktop/healthcare app/myenv/lib/python3.13/site-packages/rest_framework/locale/zh_CN/LC_MESSAGES/django.mo first seen with mtime 1741700066.570014
File /Users/mac/Desktop/healthcare app/myenv/lib/python3.13/site-packages/rest_framework/locale/ro/LC_MESSAGES/django.mo first seen with mtime 1741700066.5675404
File /Users/mac/Desktop/healthcare app/myenv/lib/python3.13/site-packages/rest_framework/locale/fr_CA/LC_MESSAGES/django.mo first seen with mtime 1741700066.5623183
File /Users/mac/Desktop/healthcare app/myenv/lib/python3.13/site-packages/rest_framework/locale/he_IL/LC_MESSAGES/django.mo first seen with mtime 1741700066.562918
File /Users/mac/Desktop/healthcare app/myenv/lib/python3.13/site-packages/rest_framework/locale/zh_Hant/LC_MESSAGES/django.mo first seen with mtime 1741700066.5705159
File /Users/mac/Desktop/healthcare app/myenv/lib/python3.13/site-packages/rest_framework/locale/ru/LC_MESSAGES/django.mo first seen with mtime 1741700066.5678356
File /Users/mac/Desktop/healthcare app/myenv/lib/python3.13/site-packages/rest_framework/locale/zh_Hans/LC_MESSAGES/django.mo first seen with mtime 1741700066.5701969
File /Users/mac/Desktop/healthcare app/myenv/lib/python3.13/site-packages/rest_framework/locale/ach/LC_MESSAGES/django.mo first seen with mtime 1741700066.5568008
File /Users/mac/Desktop/healthcare app/myenv/lib/python3.13/site-packages/rest_framework/locale/pt_PT/LC_MESSAGES/django.mo first seen with mtime 1741700066.5672972
File /Users/mac/Desktop/healthcare app/myenv/lib/python3.13/site-packages/rest_framework/locale/en_CA/LC_MESSAGES/django.mo first seen with mtime 1741700066.5603907
File /Users/mac/Desktop/healthcare app/myenv/lib/python3.13/site-packages/rest_framework/locale/cs/LC_MESSAGES/django.mo first seen with mtime 1741700066.5586536
File /Users/mac/Desktop/healthcare app/myenv/lib/python3.13/site-packages/rest_framework/locale/zh_TW/LC_MESSAGES/django.mo first seen with mtime 1741700066.570678
File /Users/mac/Desktop/healthcare app/myenv/lib/python3.13/site-packages/rest_framework/locale/ca/LC_MESSAGES/django.mo first seen with mtime 1741700066.5582166
File /Users/mac/Desktop/healthcare app/myenv/lib/python3.13/site-packages/rest_framework/locale/it/LC_MESSAGES/django.mo first seen with mtime 1741700066.5640144
File /Users/mac/Desktop/healthcare app/myenv/lib/python3.13/site-packages/rest_framework/locale/lv/LC_MESSAGES/django.mo first seen with mtime 1741700066.564987
File /Users/mac/Desktop/healthcare app/myenv/lib/python3.13/site-packages/rest_framework/locale/el/LC_MESSAGES/django.mo first seen with mtime 1741700066.5593617
File /Users/mac/Desktop/healthcare app/myenv/lib/python3.13/site-packages/rest_framework/locale/ja/LC_MESSAGES/django.mo first seen with mtime 1741700066.5642116
File /Users/mac/Desktop/healthcare app/myenv/lib/python3.13/site-packages/rest_framework/locale/ko_KR/LC_MESSAGES/django.mo first seen with mtime 1741700066.564411
File /Users/mac/Desktop/healthcare app/myenv/lib/python3.13/site-packages/rest_framework/locale/pt_BR/LC_MESSAGES/django.mo first seen with mtime 1741700066.567083
File /Users/mac/Desktop/healthcare app/myenv/lib/python3.13/site-packages/rest_framework/locale/no/LC_MESSAGES/django.mo first seen with mtime 1741700066.5663953
File /Users/mac/Desktop/healthcare app/myenv/lib/python3.13/site-packages/rest_framework/locale/gl_ES/LC_MESSAGES/django.mo first seen with mtime 1741700066.5627081
File /Users/mac/Desktop/healthcare app/myenv/lib/python3.13/site-packages/rest_framework/locale/da/LC_MESSAGES/django.mo first seen with mtime 1741700066.5588658
File /Users/mac/Desktop/healthcare app/myenv/lib/python3.13/site-packages/rest_framework/locale/be/LC_MESSAGES/django.mo first seen with mtime 1741700066.5576658
File /Users/mac/Desktop/healthcare app/myenv/lib/python3.13/site-packages/rest_framework/locale/nn/LC_MESSAGES/django.mo first seen with mtime 1741700066.566185
File /Users/mac/Desktop/healthcare app/myenv/lib/python3.13/site-packages/rest_framework/locale/hy/LC_MESSAGES/django.mo first seen with mtime 1741700066.563414
File /Users/mac/Desktop/healthcare app/myenv/lib/python3.13/site-packages/rest_framework/locale/ne_NP/LC_MESSAGES/django.mo first seen with mtime 1741700066.5657618
File /Users/mac/Desktop/healthcare app/myenv/lib/python3.13/site-packages/rest_framework/locale/en_US/LC_MESSAGES/django.mo first seen with mtime 1741700066.5606806
File /Users/mac/Desktop/healthcare app/myenv/lib/python3.13/site-packages/rest_framework/locale/sv/LC_MESSAGES/django.mo first seen with mtime 1741700066.5688908
File /Users/mac/Desktop/healthcare app/myenv/lib/python3.13/site-packages/rest_framework/locale/vi/LC_MESSAGES/django.mo first seen with mtime 1741700066.5698373
File /Users/mac/Desktop/healthcare app/myenv/lib/python3.13/site-packages/rest_framework/locale/pl/LC_MESSAGES/django.mo first seen with mtime 1741700066.566641
File /Users/mac/Desktop/healthcare app/myenv/lib/python3.13/site-packages/rest_framework/locale/sk/LC_MESSAGES/django.mo first seen with mtime 1741700066.568451
File /Users/mac/Desktop/healthcare app/myenv/lib/python3.13/site-packages/rest_framework/locale/sl/LC_MESSAGES/django.mo first seen with mtime 1741700066.5686755
File /Users/mac/Desktop/healthcare app/myenv/lib/python3.13/site-packages/rest_framework/locale/fa_IR/LC_MESSAGES/django.mo first seen with mtime 1741700066.5616717
File /Users/mac/Desktop/healthcare app/myenv/lib/python3.13/site-packages/django/contrib/auth/migrations/0001_initial.py first seen with mtime 1741430604.6082592
File /Users/mac/Desktop/healthcare app/healthcare_project/healthcare_app/migrations/0005_prescription.py first seen with mtime 1741501032.9068415
File /Users/mac/Desktop/healthcare app/myenv/lib/python3.13/site-packages/django/contrib/auth/migrations/0004_alter_user_username_opts.py first seen with mtime 1741430604.608553
File /Users/mac/Desktop/healthcare app/myenv/lib/python3.13/site-packages/django/contrib/admin/migrations/0001_initial.py first seen with mtime 1741430604.4799943
File /Users/mac/Desktop/healthcare app/myenv/lib/python3.13/site-packages/django/contrib/auth/migrations/0011_update_proxy_permissions.py first seen with mtime 1741430604.609272
File /Users/mac/Desktop/healthcare app/healthcare_project/healthcare_app/migrations/0015_remove_order_medicine_remove_order_quantity.py first seen with mtime 1741806770.8122005
File /Users/mac/Desktop/healthcare app/myenv/lib/python3.13/site-packages/django/contrib/auth/migrations/0008_alter_user_username_max_length.py first seen with mtime 1741430604.6089158
File /Users/mac/Desktop/healthcare app/healthcare_project/healthcare_app/migrations/0018_remove_orderitem_medicine_remove_orderitem_order_and_more.py first seen with mtime 1741843218.9258475
File /Users/mac/Desktop/healthcare app/healthcare_project/healthcare_app/migrations/0017_alter_order_total_price.py first seen with mtime 1741838374.7614799
File /Users/mac/Desktop/healthcare app/myenv/lib/python3.13/site-packages/django/contrib/auth/migrations/0005_alter_user_last_login_null.py first seen with mtime 1741430604.6086493
File /Users/mac/Desktop/healthcare app/healthcare_project/healthcare_app/migrations/0028_patientprofile_address.py first seen with mtime 1743134297.704974
File /Users/mac/Desktop/healthcare app/myenv/lib/python3.13/site-packages/django/contrib/auth/migrations/0003_alter_user_email_max_length.py first seen with mtime 1741430604.6084576
File /Users/mac/Desktop/healthcare app/healthcare_project/healthcare_app/migrations/0009_alter_patienthistory_created_at_and_more.py first seen with mtime 1741621805.1140747
File /Users/mac/Desktop/healthcare app/myenv/lib/python3.13/site-packages/django/contrib/auth/migrations/__init__.py first seen with mtime 1741430604.6094067
File /Users/mac/Desktop/healthcare app/myenv/lib/python3.13/site-packages/django/contrib/sessions/migrations/__init__.py first seen with mtime 1741430604.9217129
File /Users/mac/Desktop/healthcare app/healthcare_project/healthcare_app/migrations/0029_medicine_dosage_instructions_medicine_ingredients_and_more.py first seen with mtime 1746105226.0322006
File /Users/mac/Desktop/healthcare app/myenv/lib/python3.13/site-packages/django/contrib/contenttypes/migrations/0002_remove_content_type_name.py first seen with mtime 1741430604.6392004
File /Users/mac/Desktop/healthcare app/myenv/lib/python3.13/site-packages/django/contrib/sessions/migrations/0001_initial.py first seen with mtime 1741430604.921482
File /Users/mac/Desktop/healthcare app/healthcare_project/healthcare_app/migrations/0011_order.py first seen with mtime 1741701720.3911195
File /Users/mac/Desktop/healthcare app/myenv/lib/python3.13/site-packages/django/contrib/contenttypes/migrations/0001_initial.py first seen with mtime 1741430604.6390777
File /Users/mac/Desktop/healthcare app/myenv/lib/python3.13/site-packages/django/contrib/auth/migrations/0012_alter_user_first_name_max_length.py first seen with mtime 1741430604.6093705
File /Users/mac/Desktop/healthcare app/healthcare_project/healthcare_app/migrations/0023_alter_order_total_price_cart.py first seen with mtime 1742201508.8708656
File /Users/mac/Desktop/healthcare app/healthcare_project/healthcare_app/migrations/0022_medicine_price.py first seen with mtime 1742200671.9594913
File /Users/mac/Desktop/healthcare app/healthcare_project/healthcare_app/migrations/0012_testimonial.py first seen with mtime 1741755150.619744
File /Users/mac/Desktop/healthcare app/healthcare_project/healthcare_app/migrations/0016_alter_order_order_date_alter_order_total_price_and_more.py first seen with mtime 1741838209.8790338
File /Users/mac/Desktop/healthcare app/healthcare_project/healthcare_app/migrations/0021_alter_availablelabtest_description_and_more.py first seen with mtime 1741879396.94951
File /Users/mac/Desktop/healthcare app/healthcare_project/healthcare_app/migrations/__init__.py first seen with mtime 1741437097.1690335
File /Users/mac/Desktop/healthcare app/healthcare_project/healthcare_app/migrations/0019_availablelabtest_alter_order_medicine.py first seen with mtime 1741865940.7691765
File /Users/mac/Desktop/healthcare app/healthcare_project/healthcare_app/migrations/0026_alter_healthpredictionhistory_blood_pressure_and_more.py first seen with mtime 1742635934.6432598
File /Users/mac/Desktop/healthcare app/myenv/lib/python3.13/site-packages/django/contrib/auth/migrations/0007_alter_validators_add_error_messages.py first seen with mtime 1741430604.608835
File /Users/mac/Desktop/healthcare app/healthcare_project/healthcare_app/migrations/0002_alter_doctorprofile_contact_number_and_more.py first seen with mtime 1741440300.4799552
File /Users/mac/Desktop/healthcare app/healthcare_project/healthcare_app/migrations/0008_patienthistory.py first seen with mtime 1741607414.1168847
File /Users/mac/Desktop/healthcare app/healthcare_project/healthcare_app/migrations/0013_order_address_cartitem_orderitem.py first seen with mtime 1741805065.8871472
File /Users/mac/Desktop/healthcare app/healthcare_project/healthcare_app/migrations/0025_healthpredictionhistory.py first seen with mtime 1742634342.0519881
File /Users/mac/Desktop/healthcare app/healthcare_project/healthcare_app/migrations/0014_medicine_price.py first seen with mtime 1741805388.6927578
File /Users/mac/Desktop/healthcare app/healthcare_project/healthcare_app/migrations/0030_chatsession_chatmessage.py first seen with mtime 1746126198.0001268
File /Users/mac/Desktop/healthcare app/myenv/lib/python3.13/site-packages/django/contrib/auth/migrations/0010_alter_group_name_max_length.py first seen with mtime 1741430604.6090746
File /Users/mac/Desktop/healthcare app/healthcare_project/healthcare_app/migrations/0024_alter_order_total_price.py first seen with mtime 1742202696.5431874
File /Users/mac/Desktop/healthcare app/myenv/lib/python3.13/site-packages/django/contrib/auth/migrations/0009_alter_user_last_name_max_length.py first seen with mtime 1741430604.608995
File /Users/mac/Desktop/healthcare app/myenv/lib/python3.13/site-packages/django/contrib/contenttypes/migrations/__init__.py first seen with mtime 1741430604.6392415
File /Users/mac/Desktop/healthcare app/healthcare_project/healthcare_app/migrations/0001_initial.py first seen with mtime 1741439457.3609858
File /Users/mac/Desktop/healthcare app/healthcare_project/healthcare_app/migrations/0027_doctorprofile_profile_image_and_more.py first seen with mtime 1742922657.780914
File /Users/mac/Desktop/healthcare app/healthcare_project/healthcare_app/migrations/0006_patientreport.py first seen with mtime 1741603732.49427
File /Users/mac/Desktop/healthcare app/myenv/lib/python3.13/site-packages/django/db/models/sql/compiler.py first seen with mtime 1741430605.008559
File /Users/mac/Desktop/healthcare app/healthcare_project/healthcare_app/migrations/0007_remove_patientreport_report_image_and_more.py first seen with mtime 1741605487.2194476
File /Users/mac/Desktop/healthcare app/myenv/lib/python3.13/site-packages/django/contrib/admin/migrations/0003_logentry_add_action_flag_choices.py first seen with mtime 1741430604.4802232
File /Users/mac/Desktop/healthcare app/myenv/lib/python3.13/site-packages/django/contrib/auth/migrations/0006_require_contenttypes_0002.py first seen with mtime 1741430604.608748
File /Users/mac/Desktop/healthcare app/healthcare_project/healthcare_app/migrations/0004_appointment.py first seen with mtime 1741454149.5556288
File /Users/mac/Desktop/healthcare app/healthcare_project/healthcare_app/migrations/0020_labtest.py first seen with mtime 1741866368.0151365
File /Users/mac/Desktop/healthcare app/myenv/lib/python3.13/site-packages/django/contrib/admin/migrations/0002_logentry_remove_auto_add.py first seen with mtime 1741430604.4801145
File /Users/mac/Desktop/healthcare app/healthcare_project/healthcare_app/migrations/0010_medicine.py first seen with mtime 1741700211.4742005
File /Users/mac/Desktop/healthcare app/healthcare_project/healthcare_app/migrations/0003_predictionhistory.py first seen with mtime 1741453023.3477309
File /Users/mac/Desktop/healthcare app/myenv/lib/python3.13/site-packages/django/contrib/auth/migrations/0002_alter_permission_name_max_length.py first seen with mtime 1741430604.6083663
File /Users/mac/Desktop/healthcare app/healthcare_project/healthcare_project/settings.py previous mtime: 1746127111.2888172, current mtime: 1746127201.6251354
/Users/mac/Desktop/healthcare app/healthcare_project/healthcare_project/settings.py notified as changed. Signal results: [(<function template_changed at 0x104a01f80>, None), (<function translation_file_changed at 0x1063a0ea0>, None)].
/Users/mac/Desktop/healthcare app/healthcare_project/healthcare_project/settings.py changed, reloading.
